Workbook

Sheet نموذج تقييم
A1: نموذج تقييم دورة تدريبية
A3: اسم النشاط:
A4: كود النشاط:
A5: اسم الموظف:
A6: كود الموظف:
A7: التاريخ:
A8: اسم المقيّم:
A11: البند | B11: الدرجة | C11: الملاحظات
A12: فهم المحتوى
A13: تطبيق المهارة
A14: الالتزام بإجراءات السلامة
A15: التواصل والعمل الجماعي
A16: النتيجة النهائية

Sheet نموذج حضور
A1: نموذج حضور دورة تدريبية
A3: اسم النشاط:
A4: كود النشاط:
A5: التاريخ:
A6: المدرب:
A7: القسم:
A10: م | B10: كود الموظف | C10: اسم الموظف | D10: القسم | E10: حضر؟ | F10: التوقيع | G10: التقييم | H10: ملاحظات
A11: 1
A12: 2
A13: 3
A14: 4
A15: 5
A16: 6
A17: 7
A18: 8
A19: 9
A20: 10
A21: 11
A22: 12
... A40: 30

Sheet لوحة التحكم
A1: لوحة مؤشرات التدريب
A3: المؤشر | B3: القيمة
A4: إجمالي الموظفين | B4: =COUNTIF(الموظفون!G:G,"نشط") -> 3
A5: إجمالي الأنشطة | B5: =COUNTIF(الخطة!A:A,"TR-*") -> 11
A6: الأنشطة المنفذة | B6: =COUNTIF(الخطة!L:L,"منفذ") -> 0
A7: نسبة تنفيذ الخطة | B7: =IFERROR(B6/B5,0) -> 0
A8: إجمالي سجلات الحضور | B8: =COUNTIF(الحضور!D:D,"EMP-*") -> 0
A9: نسبة الحضور | B9: =IFERROR(COUNTIF(الحضور!F:F,"نعم")/B8,0) -> 0
A10: متوسط التقييم البعدي | B10: =IFERROR(AVERAGE(التقييمات!H:H),0) -> 0
A11: عدد الناجحين | B11: =COUNTIF(التقييمات!I:I,"ناجح") -> 0
A12: يحتاجون إعادة تدريب | B12: =COUNTIF(التقييمات!I:I,"يحتاج إعادة تدريب") -> 0

Sheet التقييمات
A1: سجل التقييمات - أدخل الدرجة والنتيجة
A3: رقم التقييم | B3: كود النشاط | C3: موضوع التدريب | D3: كود الموظف | E3: اسم الموظف | F3: تقييم قبلي % | G3: تقييم بعدي % | H3: الدرجة المعتمدة % | I3: النتيجة | J3: المقيّم | K3: تاريخ التقييم | L3: خطة التحسين
A4: 46115 | C4: =IFERROR(VLOOKUP(B4,الخطة!A:O,4,FALSE),"") | E4: =IFERROR(VLOOKUP(D4,الموظفون!A:L,2,FALSE),"") | H4: =IF(G4="","",G4) | I4: =IF(H4="","",IF(H4>=الإعدادات!B7,"ناجح","يحتاج إعادة تدريب"))
A5: 46145 | C5: =IFERROR(VLOOKUP(B5,الخطة!A:O,4,FALSE),"") | E5: =IFERROR(VLOOKUP(D5,الموظفون!A:L,2,FALSE),"") | H5: =IF(G5="","",G5) | I5: =IF(H5="","",IF(H5>=الإعدادات!B7,"ناجح","يحتاج إعادة تدريب"))
A6: 46176 | C6: =IFERROR(VLOOKUP(B6,الخطة!A:O,4,FALSE),"") | E6: =IFERROR(VLOOKUP(D6,الموظفون!A:L,2,FALSE),"") | H6: =IF(G6="","",G6) | I6: =IF(H6="","",IF(H6>=الإعدادات!B7,"ناجح","يحتاج إعادة تدريب"))
A7: 46206 | C7: =IFERROR(VLOOKUP(B7,الخطة!A:O,4,FALSE),"") | E7: =IFERROR(VLOOKUP(D7,الموظفون!A:L,2,FALSE),"") | H7: =IF(G7="","",G7) | I7: =IF(H7="","",IF(H7>=الإعدادات!B7,"ناجح","يحتاج إعادة تدريب"))
A8: 46237 | C8: =IFERROR(VLOOKUP(B8,الخطة!A:O,4,FALSE),"") | E8: =IFERROR(VLOOKUP(D8,الموظفون!A:L,2,FALSE),"") | H8: =IF(G8="","",G8) | I8: =IF(H8="","",IF(H8>=الإعدادات!B7,"ناجح","يحتاج إعادة تدريب"))
A9: 46268 | C9: =IFERROR(VLOOKUP(B9,الخطة!A:O,4,FALSE),"") | E9: =IFERROR(VLOOKUP(D9,الموظفون!A:L,2,FALSE),"") | H9: =IF(G9="","",G9) | I9: =IF(H9="","",IF(H9>=الإعدادات!B7,"ناجح","يحتاج إعادة تدريب"))
A10: 46298 | C10: =IFERROR(VLOOKUP(B10,الخطة!A:O,4,FALSE),"") | E10: =IFERROR(VLOOKUP(D10,الموظفون!A:L,2,FALSE),"") | H10: =IF(G10="","",G10) | I10: =IF(H10="","",IF(H10>=الإعدادات!B7,"ناجح","يحتاج إعادة تدريب"))
A11: 46329 | C11: =IFERROR(VLOOKUP(B11,الخطة!A:O,4,FALSE),"") | E11: =IFERROR(VLOOKUP(D11,الموظفون!A:L,2,FALSE),"") | H11: =IF(G11="","",G11) | I11: =IF(H11="","",IF(H11>=الإعدادات!B7,"ناجح","يحتاج إعادة تدريب"))
A12: 46359 | C12: =IFERROR(VLOOKUP(B12,الخطة!A:O,4,FALSE),"") | E12: =IFERROR(VLOOKUP(D12,الموظفون!A:L,2,FALSE),"") | H12: =IF(G12="","",G12) | I12: =IF(H12="","",IF(H12>=الإعدادات!B7,"ناجح","يحتاج إعادة تدريب"))
A13: 13-3 | C13: =IFERROR(VLOOKUP(B13,الخطة!A:O,4,FALSE),"") | E13: =IFERROR(VLOOKUP(D13,الموظفون!A:L,2,FALSE),"") | H13: =IF(G13="","",G13) | I13: =IF(H13="","",IF(H13>=الإعدادات!B7,"ناجح","يحتاج إعادة تدريب"))
A14: 14-3 | C14: =IFERROR(VLOOKUP(B14,الخطة!A:O,4,FALSE),"") | E14: =IFERROR(VLOOKUP(D14,الموظفون!A:L,2,FALSE),"") | H14: =IF(G14="","",G14) | I14: =IF(H14="","",IF(H14>=الإعدادات!B7,"ناجح","يحتاج إعادة تدريب"))
A15: 15-3 | C15: =IFERROR(VLOOKUP(B15,الخطة!A:O,4,FALSE),"") | E15: =IFERROR(VLOOKUP(D15,الموظفون!A:L,2,FALSE),"") | H15: =IF(G15="","",G15) | I15: =IF(H15="","",IF(H15>=الإعدادات!B7,"ناجح","يحتاج إعادة تدريب"))
A16: 16-3 | C16: =IFERROR(VLOOKUP(B16,الخطة!A:O,4,FALSE),"") | E16: =IFERROR(VLOOKUP(D16,الموظفون!A:L,2,FALSE),"") | H16: =IF(G16="","",G16) | I16: =IF(H16="","",IF(H16>=الإعدادات!B7,"ناجح","يحتاج إعادة تدريب"))
A17: 17-3 | C17: =IFERROR(VLOOKUP(B17,الخطة!A:O,4,FALSE),"") | E17: =IFERROR(VLOOKUP(D17,الموظفون!A:L,2,FALSE),"") | H17: =IF(G17="","",G17) | I17: =IF(H17="","",IF(H17>=الإعدادات!B7,"ناجح","يحتاج إعادة تدريب"))
A18: 18-3 | C18: =IFERROR(VLOOKUP(B18,الخطة!A:O,4,FALSE),"") | E18: =IFERROR(VLOOKUP(D18,الموظفون!A:L,2,FALSE),"") | H18: =IF(G18="","",G18) | I18: =IF(H18="","",IF(H18>=الإعدادات!B7,"ناجح","يحتاج إعادة تدريب"))
A19: 19-3 | C19: =IFERROR(VLOOKUP(B19,الخطة!A:O,4,FALSE),"") | E19: =IFERROR(VLOOKUP(D19,الموظفون!A:L,2,FALSE),"") | H19: =IF(G19="","",G19) | I19: =IF(H19="","",IF(H19>=الإعدادات!B7,"ناجح","يحتاج إعادة تدريب"))
A20: 20-3 | C20: =IFERROR(VLOOKUP(B20,الخطة!A:O,4,FALSE),"") | E20: =IFERROR(VLOOKUP(D20,الموظفون!A:L,2,FALSE),"") | H20: =IF(G20="","",G20) | I20: =IF(H20="","",IF(H20>=الإعدادات!B7,"ناجح","يحتاج إعادة تدريب"))
A21: 21-3 | C21: =IFERROR(VLOOKUP(B21,الخطة!A:O,4,FALSE),"") | E21: =IFERROR(VLOOKUP(D21,الموظفون!A:L,2,FALSE),"") | H21: =IF(G21="","",G21) | I21: =IF(H21="","",IF(H21>=الإعدادات!B7,"ناجح","يحتاج إعادة تدريب"))
A22: 22-3 | C22: =IFERROR(VLOOKUP(B22,الخطة!A:O,4,FALSE),"") | E22: =IFERROR(VLOOKUP(D22,الموظفون!A:L,2,FALSE),"") | H22: =IF(G22="","",G22) | I22: =IF(H22="","",IF(H22>=الإعدادات!B7,"ناجح","يحتاج إعادة تدريب"))
A23: 23-3 | C23: =IFERROR(VLOOKUP(B23,الخطة!A:O,4,FALSE),"") | E23: =IFERROR(VLOOKUP(D23,الموظفون!A:L,2,FALSE),"") | H23: =IF(G23="","",G23) | I23: =IF(H23="","",IF(H23>=الإعدادات!B7,"ناجح","يحتاج إعادة تدريب"))
A24: 24-3 | C24: =IFERROR(VLOOKUP(B24,الخطة!A:O,4,FALSE),"") | E24: =IFERROR(VLOOKUP(D24,الموظفون!A:L,2,FALSE),"") | H24: =IF(G24="","",G24) | I24: =IF(H24="","",IF(H24>=الإعدادات!B7,"ناجح","يحتاج إعادة تدريب"))
A25: 25-3 | C25: =IFERROR(VLOOKUP(B25,الخطة!A:O,4,FALSE),"") | E25: =IFERROR(VLOOKUP(D25,الموظفون!A:L,2,FALSE),"") | H25: =IF(G25="","",G25) | I25: =IF(H25="","",IF(H25>=الإعدادات!B7,"ناجح","يحتاج إعادة تدريب"))
A26: 26-3 | C26: =IFERROR(VLOOKUP(B26,الخطة!A:O,4,FALSE),"") | E26: =IFERROR(VLOOKUP(D26,الموظفون!A:L,2,FALSE),"") | H26: =IF(G26="","",G26) | I26: =IF(H26="","",IF(H26>=الإعدادات!B7,"ناجح","يحتاج إعادة تدريب"))
A27: 27-3 | C27: =IFERROR(VLOOKUP(B27,الخطة!A:O,4,FALSE),"") | E27: =IFERROR(VLOOKUP(D27,الموظفون!A:L,2,FALSE),"") | H27: =IF(G27="","",G27) | I27: =IF(H27="","",IF(H27>=الإعدادات!B7,"ناجح","يحتاج إعادة تدريب"))
A28: 28-3 | C28: =IFERROR(VLOOKUP(B28,الخطة!A:O,4,FALSE),"") | E28: =IFERROR(VLOOKUP(D28,الموظفون!A:L,2,FALSE),"") | H28: =IF(G28="","",G28) | I28: =IF(H28="","",IF(H28>=الإعدادات!B7,"ناجح","يحتاج إعادة تدريب"))
A29: 29-3 | C29: =IFERROR(VLOOKUP(B29,الخطة!A:O,4,FALSE),"") | E29: =IFERROR(VLOOKUP(D29,الموظفون!A:L,2,FALSE),"") | H29: =IF(G29="","",G29) | I29: =IF(H29="","",IF(H29>=الإعدادات!B7,"ناجح","يحتاج إعادة تدريب"))
A30: 30-3 | C30: =IFERROR(VLOOKUP(B30,الخطة!A:O,4,FALSE),"") | E30: =IFERROR(VLOOKUP(D30,الموظفون!A:L,2,FALSE),"") | H30: =IF(G30="","",G30) | I30: =IF(H30="","",IF(H30>=الإعدادات!B7,"ناجح","يحتاج إعادة تدريب"))
A31: 31-3 | C31: =IFERROR(VLOOKUP(B31,الخطة!A:O,4,FALSE),"") | E31: =IFERROR(VLOOKUP(D31,الموظفون!A:L,2,FALSE),"") | H31: =IF(G31="","",G31) | I31: =IF(H31="","",IF(H31>=الإعدادات!B7,"ناجح","يحتاج إعادة تدريب"))
A32: 32-3 | C32: =IFERROR(VLOOKUP(B32,الخطة!A:O,4,FALSE),"") | E32: =IFERROR(VLOOKUP(D32,الموظفون!A:L,2,FALSE),"") | H32: =IF(G32="","",G32) | I32: =IF(H32="","",IF(H32>=الإعدادات!B7,"ناجح","يحتاج إعادة تدريب"))
A33: 33-3 | C33: =IFERROR(VLOOKUP(B33,الخطة!A:O,4,FALSE),"") | E33: =IFERROR(VLOOKUP(D33,الموظفون!A:L,2,FALSE),"") | H33: =IF(G33="","",G33) | I33: =IF(H33="","",IF(H33>=الإعدادات!B7,"ناجح","يحتاج إعادة تدريب"))
A34: 34-3 | C34: =IFERROR(VLOOKUP(B34,الخطة!A:O,4,FALSE),"") | E34: =IFERROR(VLOOKUP(D34,الموظفون!A:L,2,FALSE),"") | H34: =IF(G34="","",G34) | I34: =IF(H34="","",IF(H34>=الإعدادات!B7,"ناجح","يحتاج إعادة تدريب"))
A35: 35-3 | C35: =IFERROR(VLOOKUP(B35,الخطة!A:O,4,FALSE),"") | E35: =IFERROR(VLOOKUP(D35,الموظفون!A:L,2,FALSE),"") | H35: =IF(G35="","",G35) | I35: =IF(H35="","",IF(H35>=الإعدادات!B7,"ناجح","يحتاج إعادة تدريب"))
A36: 36-3 | C36: =IFERROR(VLOOKUP(B36,الخطة!A:O,4,FALSE),"") | E36: =IFERROR(VLOOKUP(D36,الموظفون!A:L,2,FALSE),"") | H36: =IF(G36="","",G36) | I36: =IF(H36="","",IF(H36>=الإعدادات!B7,"ناجح","يحتاج إعادة تدريب"))
A37: 37-3 | C37: =IFERROR(VLOOKUP(B37,الخطة!A:O,4,FALSE),"") | E37: =IFERROR(VLOOKUP(D37,الموظفون!A:L,2,FALSE),"") | H37: =IF(G37="","",G37) | I37: =IF(H37="","",IF(H37>=الإعدادات!B7,"ناجح","يحتاج إعادة تدريب"))
A38: 38-3 | C38: =IFERROR(VLOOKUP(B38,الخطة!A:O,4,FALSE),"") | E38: =IFERROR(VLOOKUP(D38,الموظفون!A:L,2,FALSE),"") | H38: =IF(G38="","",G38) | I38: =IF(H38="","",IF(H38>=الإعدادات!B7,"ناجح","يحتاج إعادة تدريب"))
A39: 39-3 | C39: =IFERROR(VLOOKUP(B39,الخطة!A:O,4,FALSE),"") | E39: =IFERROR(VLOOKUP(D39,الموظفون!A:L,2,FALSE),"") | H39: =IF(G39="","",G39) | I39: =IF(H39="","",IF(H39>=الإعدادات!B7,"ناجح","يحتاج إعادة تدريب"))
A40: 40-3 | C40: =IFERROR(VLOOKUP(B40,الخطة!A:O,4,FALSE),"") | E40: =IFERROR(VLOOKUP(D40,الموظفون!A:L,2,FALSE),"") | H40: =IF(G40="","",G40) | I40: =IF(H40="","",IF(H40>=الإعدادات!B7,"ناجح","يحتاج إعادة تدريب"))
A41: 41-3 | C41: =IFERROR(VLOOKUP(B41,الخطة!A:O,4,FALSE),"") | E41: =IFERROR(VLOOKUP(D41,الموظفون!A:L,2,FALSE),"") | H41: =IF(G41="","",G41) | I41: =IF(H41="","",IF(H41>=الإعدادات!B7,"ناجح","يحتاج إعادة تدريب"))
A42: 42-3 | C42: =IFERROR(VLOOKUP(B42,الخطة!A:O,4,FALSE),"") | E42: =IFERROR(VLOOKUP(D42,الموظفون!A:L,2,FALSE),"") | H42: =IF(G42="","",G42) | I42: =IF(H42="","",IF(H42>=الإعدادات!B7,"ناجح","يحتاج إعادة تدريب"))
A43: 43-3 | C43: =IFERROR(VLOOKUP(B43,الخطة!A:O,4,FALSE),"") | E43: =IFERROR(VLOOKUP(D43,الموظفون!A:L,2,FALSE),"") | H43: =IF(G43="","",G43) | I43: =IF(H43="","",IF(H43>=الإعدادات!B7,"ناجح","يحتاج إعادة تدريب"))
A44: 44-3 | C44: =IFERROR(VLOOKUP(B44,الخطة!A:O,4,FALSE),"") | E44: =IFERROR(VLOOKUP(D44,الموظفون!A:L,2,FALSE),"") | H44: =IF(G44="","",G44) | I44: =IF(H44="","",IF(H44>=الإعدادات!B7,"ناجح","يحتاج إعادة تدريب"))
A45: 45-3 | C45: =IFERROR(VLOOKUP(B45,الخطة!A:O,4,FALSE),"") | E45: =IFERROR(VLOOKUP(D45,الموظفون!A:L,2,FALSE),"") | H45: =IF(G45="","",G45) | I45: =IF(H45="","",IF(H45>=الإعدادات!B7,"ناجح","يحتاج إعادة تدريب"))
A46: 46-3 | C46: =IFERROR(VLOOKUP(B46,الخطة!A:O,4,FALSE),"") | E46: =IFERROR(VLOOKUP(D46,الموظفون!A:L,2,FALSE),"") | H46: =IF(G46="","",G46) | I46: =IF(H46="","",IF(H46>=الإعدادات!B7,"ناجح","يحتاج إعادة تدريب"))
A47: 47-3 | C47: =IFERROR(VLOOKUP(B47,الخطة!A:O,4,FALSE),"") | E47: =IFERROR(VLOOKUP(D47,الموظفون!A:L,2,FALSE),"") | H47: =IF(G47="","",G47) | I47: =IF(H47="","",IF(H47>=الإعدادات!B7,"ناجح","يحتاج إعادة تدريب"))
A48: 48-3 | C48: =IFERROR(VLOOKUP(B48,الخطة!A:O,4,FALSE),"") | E48: =IFERROR(VLOOKUP(D48,الموظفون!A:L,2,FALSE),"") | H48: =IF(G48="","",G48) | I48: =IF(H48="","",IF(H48>=الإعدادات!B7,"ناجح","يحتاج إعادة تدريب"))
A49: 49-3 | C49: =IFERROR(VLOOKUP(B49,الخطة!A:O,4,FALSE),"") | E49: =IFERROR(VLOOKUP(D49,الموظفون!A:L,2,FALSE),"") | H49: =IF(G49="","",G49) | I49: =IF(H49="","",IF(H49>=الإعدادات!B7,"ناجح","يحتاج إعادة تدريب"))
A50: 50-3 | C50: =IFERROR(VLOOKUP(B50,الخطة!A:O,4,FALSE),"") | E50: =IFERROR(VLOOKUP(D50,الموظفون!A:L,2,FALSE),"") | H50: =IF(G50="","",G50) | I50: =IF(H50="","",IF(H50>=الإعدادات!B7,"ناجح","يحتاج إعادة تدريب"))
A51: 51-3 | C51: =IFERROR(VLOOKUP(B51,الخطة!A:O,4,FALSE),"") | E51: =IFERROR(VLOOKUP(D51,الموظفون!A:L,2,FALSE),"") | H51: =IF(G51="","",G51) | I51: =IF(H51="","",IF(H51>=الإعدادات!B7,"ناجح","يحتاج إعادة تدريب"))
A52: 52-3 | C52: =IFERROR(VLOOKUP(B52,الخطة!A:O,4,FALSE),"") | E52: =IFERROR(VLOOKUP(D52,الموظفون!A:L,2,FALSE),"") | H52: =IF(G52="","",G52) | I52: =IF(H52="","",IF(H52>=الإعدادات!B7,"ناجح","يحتاج إعادة تدريب"))
A53: 53-3 | C53: =IFERROR(VLOOKUP(B53,الخطة!A:O,4,FALSE),"") | E53: =IFERROR(VLOOKUP(D53,الموظفون!A:L,2,FALSE),"") | H53: =IF(G53="","",G53) | I53: =IF(H53="","",IF(H53>=الإعدادات!B7,"ناجح","يحتاج إعادة تدريب"))
A54: 54-3 | C54: =IFERROR(VLOOKUP(B54,الخطة!A:O,4,FALSE),"") | E54: =IFERROR(VLOOKUP(D54,الموظفون!A:L,2,FALSE),"") | H54: =IF(G54="","",G54) | I54: =IF(H54="","",IF(H54>=الإعدادات!B7,"ناجح","يحتاج إعادة تدريب"))
A55: 55-3 | C55: =IFERROR(VLOOKUP(B55,الخطة!A:O,4,FALSE),"") | E55: =IFERROR(VLOOKUP(D55,الموظفون!A:L,2,FALSE),"") | H55: =IF(G55="","",G55) | I55: =IF(H55="","",IF(H55>=الإعدادات!B7,"ناجح","يحتاج إعادة تدريب"))
A56: 56-3 | C56: =IFERROR(VLOOKUP(B56,الخطة!A:O,4,FALSE),"") | E56: =IFERROR(VLOOKUP(D56,الموظفون!A:L,2,FALSE),"") | H56: =IF(G56="","",G56) | I56: =IF(H56="","",IF(H56>=الإعدادات!B7,"ناجح","يحتاج إعادة تدريب"))
A57: 57-3 | C57: =IFERROR(VLOOKUP(B57,الخطة!A:O,4,FALSE),"") | E57: =IFERROR(VLOOKUP(D57,الموظفون!A:L,2,FALSE),"") | H57: =IF(G57="","",G57) | I57: =IF(H57="","",IF(H57>=الإعدادات!B7,"ناجح","يحتاج إعادة تدريب"))
A58: 58-3 | C58: =IFERROR(VLOOKUP(B58,الخطة!A:O,4,FALSE),"") | E58: =IFERROR(VLOOKUP(D58,الموظفون!A:L,2,FALSE),"") | H58: =IF(G58="","",G58) | I58: =IF(H58="","",IF(H58>=الإعدادات!B7,"ناجح","يحتاج إعادة تدريب"))
A59: 59-3 | C59: =IFERROR(VLOOKUP(B59,الخطة!A:O,4,FALSE),"") | E59: =IFERROR(VLOOKUP(D59,الموظفون!A:L,2,FALSE),"") | H59: =IF(G59="","",G59) | I59: =IF(H59="","",IF(H59>=الإعدادات!B7,"ناجح","يحتاج إعادة تدريب"))
A60: 60-3 | C60: =IFERROR(VLOOKUP(B60,الخطة!A:O,4,FALSE),"") | E60: =IFERROR(VLOOKUP(D60,الموظفون!A:L,2,FALSE),"") | H60: =IF(G60="","",G60) | I60: =IF(H60="","",IF(H60>=الإعدادات!B7,"ناجح","يحتاج إعادة تدريب"))
A61: 61-3 | C61: =IFERROR(VLOOKUP(B61,الخطة!A:O,4,FALSE),"") | E61: =IFERROR(VLOOKUP(D61,الموظفون!A:L,2,FALSE),"") | H61: =IF(G61="","",G61) | I61: =IF(H61="","",IF(H61>=الإعدادات!B7,"ناجح","يحتاج إعادة تدريب"))
A62: 62-3 | C62: =IFERROR(VLOOKUP(B62,الخطة!A:O,4,FALSE),"") | E62: =IFERROR(VLOOKUP(D62,الموظفون!A:L,2,FALSE),"") | H62: =IF(G62="","",G62) | I62: =IF(H62="","",IF(H62>=الإعدادات!B7,"ناجح","يحتاج إعادة تدريب"))
A63: 63-3 | C63: =IFERROR(VLOOKUP(B63,الخطة!A:O,4,FALSE),"") | E63: =IFERROR(VLOOKUP(D63,الموظفون!A:L,2,FALSE),"") | H63: =IF(G63="","",G63) | I63: =IF(H63="","",IF(H63>=الإعدادات!B7,"ناجح","يحتاج إعادة تدريب"))
A64: 64-3 | C64: =IFERROR(VLOOKUP(B64,الخطة!A:O,4,FALSE),"") | E64: =IFERROR(VLOOKUP(D64,الموظفون!A:L,2,FALSE),"") | H64: =IF(G64="","",G64) | I64: =IF(H64="","",IF(H64>=الإعدادات!B7,"ناجح","يحتاج إعادة تدريب"))
A65: 65-3 | C65: =IFERROR(VLOOKUP(B65,الخطة!A:O,4,FALSE),"") | E65: =IFERROR(VLOOKUP(D65,الموظفون!A:L,2,FALSE),"") | H65: =IF(G65="","",G65) | I65: =IF(H65="","",IF(H65>=الإعدادات!B7,"ناجح","يحتاج إعادة تدريب"))
A66: 66-3 | C66: =IFERROR(VLOOKUP(B66,الخطة!A:O,4,FALSE),"") | E66: =IFERROR(VLOOKUP(D66,الموظفون!A:L,2,FALSE),"") | H66: =IF(G66="","",G66) | I66: =IF(H66="","",IF(H66>=الإعدادات!B7,"ناجح","يحتاج إعادة تدريب"))
A67: 67-3 | C67: =IFERROR(VLOOKUP(B67,الخطة!A:O,4,FALSE),"") | E67: =IFERROR(VLOOKUP(D67,الموظفون!A:L,2,FALSE),"") | H67: =IF(G67="","",G67) | I67: =IF(H67="","",IF(H67>=الإعدادات!B7,"ناجح","يحتاج إعادة تدريب"))
A68: 68-3 | C68: =IFERROR(VLOOKUP(B68,الخطة!A:O,4,FALSE),"") | E68: =IFERROR(VLOOKUP(D68,الموظفون!A:L,2,FALSE),"") | H68: =IF(G68="","",G68) | I68: =IF(H68="","",IF(H68>=الإعدادات!B7,"ناجح","يحتاج إعادة تدريب"))
A69: 69-3 | C69: =IFERROR(VLOOKUP(B69,الخطة!A:O,4,FALSE),"") | E69: =IFERROR(VLOOKUP(D69,الموظفون!A:L,2,FALSE),"") | H69: =IF(G69="","",G69) | I69: =IF(H69="","",IF(H69>=الإعدادات!B7,"ناجح","يحتاج إعادة تدريب"))
A70: 70-3 | C70: =IFERROR(VLOOKUP(B70,الخطة!A:O,4,FALSE),"") | E70: =IFERROR(VLOOKUP(D70,الموظفون!A:L,2,FALSE),"") | H70: =IF(G70="","",G70) | I70: =IF(H70="","",IF(H70>=الإعدادات!B7,"ناجح","يحتاج إعادة تدريب"))
A71: 71-3 | C71: =IFERROR(VLOOKUP(B71,الخطة!A:O,4,FALSE),"") | E71: =IFERROR(VLOOKUP(D71,الموظفون!A:L,2,FALSE),"") | H71: =IF(G71="","",G71) | I71: =IF(H71="","",IF(H71>=الإعدادات!B7,"ناجح","يحتاج إعادة تدريب"))
A72: 72-3 | C72: =IFERROR(VLOOKUP(B72,الخطة!A:O,4,FALSE),"") | E72: =IFERROR(VLOOKUP(D72,الموظفون!A:L,2,FALSE),"") | H72: =IF(G72="","",G72) | I72: =IF(H72="","",IF(H72>=الإعدادات!B7,"ناجح","يحتاج إعادة تدريب"))
A73: 73-3 | C73: =IFERROR(VLOOKUP(B73,الخطة!A:O,4,FALSE),"") | E73: =IFERROR(VLOOKUP(D73,الموظفون!A:L,2,FALSE),"") | H73: =IF(G73="","",G73) | I73: =IF(H73="","",IF(H73>=الإعدادات!B7,"ناجح","يحتاج إعادة تدريب"))
A74: 74-3 | C74: =IFERROR(VLOOKUP(B74,الخطة!A:O,4,FALSE),"") | E74: =IFERROR(VLOOKUP(D74,الموظفون!A:L,2,FALSE),"") | H74: =IF(G74="","",G74) | I74: =IF(H74="","",IF(H74>=الإعدادات!B7,"ناجح","يحتاج إعادة تدريب"))
A75: 75-3 | C75: =IFERROR(VLOOKUP(B75,الخطة!A:O,4,FALSE),"") | E75: =IFERROR(VLOOKUP(D75,الموظفون!A:L,2,FALSE),"") | H75: =IF(G75="","",G75) | I75: =IF(H75="","",IF(H75>=الإعدادات!B7,"ناجح","يحتاج إعادة تدريب"))
A76: 76-3 | C76: =IFERROR(VLOOKUP(B76,الخطة!A:O,4,FALSE),"") | E76: =IFERROR(VLOOKUP(D76,الموظفون!A:L,2,FALSE),"") | H76: =IF(G76="","",G76) | I76: =IF(H76="","",IF(H76>=الإعدادات!B7,"ناجح","يحتاج إعادة تدريب"))
A77: 77-3 | C77: =IFERROR(VLOOKUP(B77,الخطة!A:O,4,FALSE),"") | E77: =IFERROR(VLOOKUP(D77,الموظفون!A:L,2,FALSE),"") | H77: =IF(G77="","",G77) | I77: =IF(H77="","",IF(H77>=الإعدادات!B7,"ناجح","يحتاج إعادة تدريب"))
A78: 78-3 | C78: =IFERROR(VLOOKUP(B78,الخطة!A:O,4,FALSE),"") | E78: =IFERROR(VLOOKUP(D78,الموظفون!A:L,2,FALSE),"") | H78: =IF(G78="","",G78) | I78: =IF(H78="","",IF(H78>=الإعدادات!B7,"ناجح","يحتاج إعادة تدريب"))
A79: 79-3 | C79: =IFERROR(VLOOKUP(B79,الخطة!A:O,4,FALSE),"") | E79: =IFERROR(VLOOKUP(D79,الموظفون!A:L,2,FALSE),"") | H79: =IF(G79="","",G79) | I79: =IF(H79="","",IF(H79>=الإعدادات!B7,"ناجح","يحتاج إعادة تدريب"))
A80: 80-3 | C80: =IFERROR(VLOOKUP(B80,الخطة!A:O,4,FALSE),"") | E80: =IFERROR(VLOOKUP(D80,الموظفون!A:L,2,FALSE),"") | H80: =IF(G80="","",G80) | I80: =IF(H80="","",IF(H80>=الإعدادات!B7,"ناجح","يحتاج إعادة تدريب"))
A81: 81-3 | C81: =IFERROR(VLOOKUP(B81,الخطة!A:O,4,FALSE),"") | E81: =IFERROR(VLOOKUP(D81,الموظفون!A:L,2,FALSE),"") | H81: =IF(G81="","",G81) | I81: =IF(H81="","",IF(H81>=الإعدادات!B7,"ناجح","يحتاج إعادة تدريب"))
A82: 82-3 | C82: =IFERROR(VLOOKUP(B82,الخطة!A:O,4,FALSE),"") | E82: =IFERROR(VLOOKUP(D82,الموظفون!A:L,2,FALSE),"") | H82: =IF(G82="","",G82) | I82: =IF(H82="","",IF(H82>=الإعدادات!B7,"ناجح","يحتاج إعادة تدريب"))
A83: 83-3 | C83: =IFERROR(VLOOKUP(B83,الخطة!A:O,4,FALSE),"") | E83: =IFERROR(VLOOKUP(D83,الموظفون!A:L,2,FALSE),"") | H83: =IF(G83="","",G83) | I83: =IF(H83="","",IF(H83>=الإعدادات!B7,"ناجح","يحتاج إعادة تدريب"))
A84: 84-3 | C84: =IFERROR(VLOOKUP(B84,الخطة!A:O,4,FALSE),"") | E84: =IFERROR(VLOOKUP(D84,الموظفون!A:L,2,FALSE),"") | H84: =IF(G84="","",G84) | I84: =IF(H84="","",IF(H84>=الإعدادات!B7,"ناجح","يحتاج إعادة تدريب"))
A85: 85-3 | C85: =IFERROR(VLOOKUP(B85,الخطة!A:O,4,FALSE),"") | E85: =IFERROR(VLOOKUP(D85,الموظفون!A:L,2,FALSE),"") | H85: =IF(G85="","",G85) | I85: =IF(H85="","",IF(H85>=الإعدادات!B7,"ناجح","يحتاج إعادة تدريب"))
A86: 86-3 | C86: =IFERROR(VLOOKUP(B86,الخطة!A:O,4,FALSE),"") | E86: =IFERROR(VLOOKUP(D86,الموظفون!A:L,2,FALSE),"") | H86: =IF(G86="","",G86) | I86: =IF(H86="","",IF(H86>=الإعدادات!B7,"ناجح","يحتاج إعادة تدريب"))
A87: 87-3 | C87: =IFERROR(VLOOKUP(B87,الخطة!A:O,4,FALSE),"") | E87: =IFERROR(VLOOKUP(D87,الموظفون!A:L,2,FALSE),"") | H87: =IF(G87="","",G87) | I87: =IF(H87="","",IF(H87>=الإعدادات!B7,"ناجح","يحتاج إعادة تدريب"))
A88: 88-3 | C88: =IFERROR(VLOOKUP(B88,الخطة!A:O,4,FALSE),"") | E88: =IFERROR(VLOOKUP(D88,الموظفون!A:L,2,FALSE),"") | H88: =IF(G88="","",G88) | I88: =IF(H88="","",IF(H88>=الإعدادات!B7,"ناجح","يحتاج إعادة تدريب"))
A89: 89-3 | C89: =IFERROR(VLOOKUP(B89,الخطة!A:O,4,FALSE),"") | E89: =IFERROR(VLOOKUP(D89,الموظفون!A:L,2,FALSE),"") | H89: =IF(G89="","",G89) | I89: =IF(H89="","",IF(H89>=الإعدادات!B7,"ناجح","يحتاج إعادة تدريب"))
A90: 90-3 | C90: =IFERROR(VLOOKUP(B90,الخطة!A:O,4,FALSE),"") | E90: =IFERROR(VLOOKUP(D90,الموظفون!A:L,2,FALSE),"") | H90: =IF(G90="","",G90) | I90: =IF(H90="","",IF(H90>=الإعدادات!B7,"ناجح","يحتاج إعادة تدريب"))
A91: 91-3 | C91: =IFERROR(VLOOKUP(B91,الخطة!A:O,4,FALSE),"") | E91: =IFERROR(VLOOKUP(D91,الموظفون!A:L,2,FALSE),"") | H91: =IF(G91="","",G91) | I91: =IF(H91="","",IF(H91>=الإعدادات!B7,"ناجح","يحتاج إعادة تدريب"))
A92: 92-3 | C92: =IFERROR(VLOOKUP(B92,الخطة!A:O,4,FALSE),"") | E92: =IFERROR(VLOOKUP(D92,الموظفون!A:L,2,FALSE),"") | H92: =IF(G92="","",G92) | I92: =IF(H92="","",IF(H92>=الإعدادات!B7,"ناجح","يحتاج إعادة تدريب"))
A93: 93-3 | C93: =IFERROR(VLOOKUP(B93,الخطة!A:O,4,FALSE),"") | E93: =IFERROR(VLOOKUP(D93,الموظفون!A:L,2,FALSE),"") | H93: =IF(G93="","",G93) | I93: =IF(H93="","",IF(H93>=الإعدادات!B7,"ناجح","يحتاج إعادة تدريب"))
A94: 94-3 | C94: =IFERROR(VLOOKUP(B94,الخطة!A:O,4,FALSE),"") | E94: =IFERROR(VLOOKUP(D94,الموظفون!A:L,2,FALSE),"") | H94: =IF(G94="","",G94) | I94: =IF(H94="","",IF(H94>=الإعدادات!B7,"ناجح","يحتاج إعادة تدريب"))
A95: 95-3 | C95: =IFERROR(VLOOKUP(B95,الخطة!A:O,4,FALSE),"") | E95: =IFERROR(VLOOKUP(D95,الموظفون!A:L,2,FALSE),"") | H95: =IF(G95="","",G95) | I95: =IF(H95="","",IF(H95>=الإعدادات!B7,"ناجح","يحتاج إعادة تدريب"))
A96: 96-3 | C96: =IFERROR(VLOOKUP(B96,الخطة!A:O,4,FALSE),"") | E96: =IFERROR(VLOOKUP(D96,الموظفون!A:L,2,FALSE),"") | H96: =IF(G96="","",G96) | I96: =IF(H96="","",IF(H96>=الإعدادات!B7,"ناجح","يحتاج إعادة تدريب"))
A97: 97-3 | C97: =IFERROR(VLOOKUP(B97,الخطة!A:O,4,FALSE),"") | E97: =IFERROR(VLOOKUP(D97,الموظفون!A:L,2,FALSE),"") | H97: =IF(G97="","",G97) | I97: =IF(H97="","",IF(H97>=الإعدادات!B7,"ناجح","يحتاج إعادة تدريب"))
A98: 98-3 | C98: =IFERROR(VLOOKUP(B98,الخطة!A:O,4,FALSE),"") | E98: =IFERROR(VLOOKUP(D98,الموظفون!A:L,2,FALSE),"") | H98: =IF(G98="","",G98) | I98: =IF(H98="","",IF(H98>=الإعدادات!B7,"ناجح","يحتاج إعادة تدريب"))
A99: 99-3 | C99: =IFERROR(VLOOKUP(B99,الخطة!A:O,4,FALSE),"") | E99: =IFERROR(VLOOKUP(D99,الموظفون!A:L,2,FALSE),"") | H99: =IF(G99="","",G99) | I99: =IF(H99="","",IF(H99>=الإعدادات!B7,"ناجح","يحتاج إعادة تدريب"))
A100: 100-3 | C100: =IFERROR(VLOOKUP(B100,الخطة!A:O,4,FALSE),"") | E100: =IFERROR(VLOOKUP(D100,الموظفون!A:L,2,FALSE),"") | H100: =IF(G100="","",G100) | I100: =IF(H100="","",IF(H100>=الإعدادات!B7,"ناجح","يحتاج إعادة تدريب"))
A101: 101-3 | C101: =IFERROR(VLOOKUP(B101,الخطة!A:O,4,FALSE),"") | E101: =IFERROR(VLOOKUP(D101,الموظفون!A:L,2,FALSE),"") | H101: =IF(G101="","",G101) | I101: =IF(H101="","",IF(H101>=الإعدادات!B7,"ناجح","يحتاج إعادة تدريب"))
...

Sheet الحضور
A1: سجل الحضور المركزي - أدخل البيانات هنا
A3: رقم السجل | B3: كود النشاط | C3: موضوع التدريب | D3: كود الموظف | E3: اسم الموظف | F3: حضر؟ | G3: وقت الحضور | H3: التوقيع/الإثبات | I3: المدرب | J3: التاريخ | K3: حالة السجل | L3: ملاحظات
A4: 46115 | C4: =IFERROR(VLOOKUP(B4,الخطة!A:O,4,FALSE),"") | E4: =IFERROR(VLOOKUP(D4,الموظفون!A:L,2,FALSE),"") | K4: =IF(B4="","",IF(OR(D4="",F4=""),"ناقص بيانات",IF(F4="نعم","مكتمل","غائب")))
A5: 46145 | C5: =IFERROR(VLOOKUP(B5,الخطة!A:O,4,FALSE),"") | E5: =IFERROR(VLOOKUP(D5,الموظفون!A:L,2,FALSE),"") | K5: =IF(B5="","",IF(OR(D5="",F5=""),"ناقص بيانات",IF(F5="نعم","مكتمل","غائب")))
A6: 46176 | C6: =IFERROR(VLOOKUP(B6,الخطة!A:O,4,FALSE),"") | E6: =IFERROR(VLOOKUP(D6,الموظفون!A:L,2,FALSE),"") | K6: =IF(B6="","",IF(OR(D6="",F6=""),"ناقص بيانات",IF(F6="نعم","مكتمل","غائب")))
A7: 46206 | C7: =IFERROR(VLOOKUP(B7,الخطة!A:O,4,FALSE),"") | E7: =IFERROR(VLOOKUP(D7,الموظفون!A:L,2,FALSE),"") | K7: =IF(B7="","",IF(OR(D7="",F7=""),"ناقص بيانات",IF(F7="نعم","مكتمل","غائب")))
A8: 46237 | C8: =IFERROR(VLOOKUP(B8,الخطة!A:O,4,FALSE),"") | E8: =IFERROR(VLOOKUP(D8,الموظفون!A:L,2,FALSE),"") | K8: =IF(B8="","",IF(OR(D8="",F8=""),"ناقص بيانات",IF(F8="نعم","مكتمل","غائب")))
A9: 46268 | C9: =IFERROR(VLOOKUP(B9,الخطة!A:O,4,FALSE),"") | E9: =IFERROR(VLOOKUP(D9,الموظفون!A:L,2,FALSE),"") | K9: =IF(B9="","",IF(OR(D9="",F9=""),"ناقص بيانات",IF(F9="نعم","مكتمل","غائب")))
A10: 46298 | C10: =IFERROR(VLOOKUP(B10,الخطة!A:O,4,FALSE),"") | E10: =IFERROR(VLOOKUP(D10,الموظفون!A:L,2,FALSE),"") | K10: =IF(B10="","",IF(OR(D10="",F10=""),"ناقص بيانات",IF(F10="نعم","مكتمل","غائب")))
A11: 46329 | C11: =IFERROR(VLOOKUP(B11,الخطة!A:O,4,FALSE),"") | E11: =IFERROR(VLOOKUP(D11,الموظفون!A:L,2,FALSE),"") | K11: =IF(B11="","",IF(OR(D11="",F11=""),"ناقص بيانات",IF(F11="نعم","مكتمل","غائب")))
A12: 46359 | C12: =IFERROR(VLOOKUP(B12,الخطة!A:O,4,FALSE),"") | E12: =IFERROR(VLOOKUP(D12,الموظفون!A:L,2,FALSE),"") | K12: =IF(B12="","",IF(OR(D12="",F12=""),"ناقص بيانات",IF(F12="نعم","مكتمل","غائب")))
A13: 13-3 | C13: =IFERROR(VLOOKUP(B13,الخطة!A:O,4,FALSE),"") | E13: =IFERROR(VLOOKUP(D13,الموظفون!A:L,2,FALSE),"") | K13: =IF(B13="","",IF(OR(D13="",F13=""),"ناقص بيانات",IF(F13="نعم","مكتمل","غائب")))
A14: 14-3 | C14: =IFERROR(VLOOKUP(B14,الخطة!A:O,4,FALSE),"") | E14: =IFERROR(VLOOKUP(D14,الموظفون!A:L,2,FALSE),"") | K14: =IF(B14="","",IF(OR(D14="",F14=""),"ناقص بيانات",IF(F14="نعم","مكتمل","غائب")))
A15: 15-3 | C15: =IFERROR(VLOOKUP(B15,الخطة!A:O,4,FALSE),"") | E15: =IFERROR(VLOOKUP(D15,الموظفون!A:L,2,FALSE),"") | K15: =IF(B15="","",IF(OR(D15="",F15=""),"ناقص بيانات",IF(F15="نعم","مكتمل","غائب")))
A16: 16-3 | C16: =IFERROR(VLOOKUP(B16,الخطة!A:O,4,FALSE),"") | E16: =IFERROR(VLOOKUP(D16,الموظفون!A:L,2,FALSE),"") | K16: =IF(B16="","",IF(OR(D16="",F16=""),"ناقص بيانات",IF(F16="نعم","مكتمل","غائب")))
A17: 17-3 | C17: =IFERROR(VLOOKUP(B17,الخطة!A:O,4,FALSE),"") | E17: =IFERROR(VLOOKUP(D17,الموظفون!A:L,2,FALSE),"") | K17: =IF(B17="","",IF(OR(D17="",F17=""),"ناقص بيانات",IF(F17="نعم","مكتمل","غائب")))
A18: 18-3 | C18: =IFERROR(VLOOKUP(B18,الخطة!A:O,4,FALSE),"") | E18: =IFERROR(VLOOKUP(D18,الموظفون!A:L,2,FALSE),"") | K18: =IF(B18="","",IF(OR(D18="",F18=""),"ناقص بيانات",IF(F18="نعم","مكتمل","غائب")))
A19: 19-3 | C19: =IFERROR(VLOOKUP(B19,الخطة!A:O,4,FALSE),"") | E19: =IFERROR(VLOOKUP(D19,الموظفون!A:L,2,FALSE),"") | K19: =IF(B19="","",IF(OR(D19="",F19=""),"ناقص بيانات",IF(F19="نعم","مكتمل","غائب")))
A20: 20-3 | C20: =IFERROR(VLOOKUP(B20,الخطة!A:O,4,FALSE),"") | E20: =IFERROR(VLOOKUP(D20,الموظفون!A:L,2,FALSE),"") | K20: =IF(B20="","",IF(OR(D20="",F20=""),"ناقص بيانات",IF(F20="نعم","مكتمل","غائب")))
A21: 21-3 | C21: =IFERROR(VLOOKUP(B21,الخطة!A:O,4,FALSE),"") | E21: =IFERROR(VLOOKUP(D21,الموظفون!A:L,2,FALSE),"") | K21: =IF(B21="","",IF(OR(D21="",F21=""),"ناقص بيانات",IF(F21="نعم","مكتمل","غائب")))
A22: 22-3 | C22: =IFERROR(VLOOKUP(B22,الخطة!A:O,4,FALSE),"") | E22: =IFERROR(VLOOKUP(D22,الموظفون!A:L,2,FALSE),"") | K22: =IF(B22="","",IF(OR(D22="",F22=""),"ناقص بيانات",IF(F22="نعم","مكتمل","غائب")))
A23: 23-3 | C23: =IFERROR(VLOOKUP(B23,الخطة!A:O,4,FALSE),"") | E23: =IFERROR(VLOOKUP(D23,الموظفون!A:L,2,FALSE),"") | K23: =IF(B23="","",IF(OR(D23="",F23=""),"ناقص بيانات",IF(F23="نعم","مكتمل","غائب")))
A24: 24-3 | C24: =IFERROR(VLOOKUP(B24,الخطة!A:O,4,FALSE),"") | E24: =IFERROR(VLOOKUP(D24,الموظفون!A:L,2,FALSE),"") | K24: =IF(B24="","",IF(OR(D24="",F24=""),"ناقص بيانات",IF(F24="نعم","مكتمل","غائب")))
... A503: 503-3 | C503: =IFERROR(VLOOKUP(B503,الخطة!A:O,4,FALSE),"") | E503: =IFERROR(VLOOKUP(D503,الموظفون!A:L,2,FALSE),"") | K503: =IF(B503="","",IF(OR(D503="",F503=""),"ناقص بيانات",IF(F503="نعم","مكتمل","غائب")))

Sheet الخطة
A1: الخطة السنوية للتدريب
A3: كود النشاط | B3: الشهر | C3: محور GAHAR | D3: موضوع التدريب | E3: الفئة المستهدفة | F3: الهدف والكفاءة | G3: نوع التدريب | H3: المسؤول | I3: الساعات | J3: التاريخ المخطط | K3: التاريخ المنفذ | L3: الحالة | M3: عدد الحضور | N3: متوسط التقييم | O3: رابط الدليل
A4: TR-001 | B4: يناير | C4: HRP / GLD | D4: التعريف بالمنشأة وحقوق وواجبات العاملين | E4: جميع العاملين | F4: فهم السياسات ومدونة السلوك وقنوات الإبلاغ | G4: تعريفي | H4: الموارد البشرية | I4: 3 | J4: 15/01 | L4: مخطط | M4: =IF(A4="","",COUNTIFS([1]الحضور!B:B,A4,[1]الحضور!F:F,"نعم")) -> #VALUE! | N4: =IFERROR(AVERAGEIF([2]التقييمات!B:B,A4,[2]التقييمات!H:H),"")
A5: TR-002 | B5: فبراير | C5: IPC | D5: الوقاية من العدوى ومكافحة العدوى | E5: السريريون والخدمات المعاونة | F5: تطبيق نظافة اليدين ومعدات الوقاية والعزل | G5: عملي | H5: فريق مكافحة العدوى | I5: 4 | J5: 46358 | L5: مخطط | M5: =IF(A5="","",COUNTIFS([1]الحضور!B:B,A5,[1]الحضور!F:F,"نعم")) -> #VALUE! | N5: =IFERROR(AVERAGEIF([2]التقييمات!B:B,A5,[2]التقييمات!H:H),"")
A6: TR-003 | B6: مارس | C6: MMU | D6: سلامة الدواء والإبلاغ عن الأخطاء | E6: الأطباء والتمريض والصيدلة | F6: تطبيق التحقق الآمن من الدواء والإبلاغ | G6: محاكاة | H6: مدير الصيدلية | I6: 3 | J6: 46298 | L6: مخطط | M6: =IF(A6="","",COUNTIFS([1]الحضور!B:B,A6,[1]الحضور!F:F,"نعم")) -> #VALUE! | N6: =IFERROR(AVERAGEIF([2]التقييمات!B:B,A6,[2]التقييمات!H:H),"")
A7: TR-004 | B7: مارس | C7: FMS | D7: السلامة من الحريق والإخلاء | E7: جميع العاملين | F7: تنفيذ الإنذار والإخلاء واستخدام الطفاية | G7: تمرين | H7: السلامة المهنية | I7: 3 | J7: 24/03 | L7: مخطط | M7: =IF(A7="","",COUNTIFS([1]الحضور!B:B,A7,[1]الحضور!F:F,"نعم")) -> #VALUE! | N7: =IFERROR(AVERAGEIF([2]التقييمات!B:B,A7,[2]التقييمات!H:H),"")
A8: TR-005 | B8: مايو | C8: QPS | D8: سلامة المريض والتحسين المستمر | E8: قادة الوحدات والجودة | F8: تحليل السبب الجذري وبناء خطة PDSA | G8: دراسة حالة | H8: إدارة الجودة | I8: 3 | J8: 46361 | L8: مخطط | M8: =IF(A8="","",COUNTIFS([1]الحضور!B:B,A8,[1]الحضور!F:F,"نعم")) -> #VALUE! | N8: =IFERROR(AVERAGEIF([2]التقييمات!B:B,A8,[2]التقييمات!H:H),"")
A9: TR-006 | B9: يونيو | C9: HIS | D9: التوثيق الطبي وسرية المعلومات | E9: الأطباء والتمريض والسجلات | F9: تسجيل دقيق وحماية البيانات والصلاحيات | G9: تطبيقي | H9: السجلات الطبية | I9: 3 | J9: 16/06 | L9: مخطط | M9: =IF(A9="","",COUNTIFS([1]الحضور!B:B,A9,[1]الحضور!F:F,"نعم")) -> #VALUE! | N9: =IFERROR(AVERAGEIF([2]التقييمات!B:B,A9,[2]التقييمات!H:H),"")
A10: TR-007 | B10: يوليو | C10: AOP / COP | D10: التقييم الأولي والتصعيد السريري | E10: الأطباء والتمريض والاستقبال | F10: اكتشاف التدهور والتواصل المنظم SBAR | G10: محاكاة | H10: الإدارة الطبية | I10: 4 | J10: 14/07 | L10: مخطط | M10: =IF(A10="","",COUNTIFS([1]الحضور!B:B,A10,[1]الحضور!F:F,"نعم")) -> #VALUE! | N10: =IFERROR(AVERAGEIF([2]التقييمات!B:B,A10,[2]التقييمات!H:H),"")
A11: TR-008 | B11: سبتمبر | C11: PFR / QPS | D11: تجربة المريض والشكاوى | E11: الاستقبال وخدمة العملاء | F11: استقبال الشكوى والرد والتحسين | G11: لعب أدوار | H11: خدمة العملاء | I11: 2 | J11: 15/09 | L11: مخطط | M11: =IF(A11="","",COUNTIFS([1]الحضور!B:B,A11,[1]الحضور!F:F,"نعم")) -> #VALUE! | N11: =IFERROR(AVERAGEIF([2]التقييمات!B:B,A11,[2]التقييمات!H:H),"")
A12: TR-009 | B12: أكتوبر | C12: HRP | D12: تقييم الكفاءة وإعادة التأهيل | E12: جميع الفئات | F12: إثبات الكفاءة وتحديد فجوات الأداء | G12: تقييم عملي | H12: الموارد البشرية | I12: 4 | J12: 13/10 | L12: مخطط | M12: =IF(A12="","",COUNTIFS([1]الحضور!B:B,A12,[1]الحضور!F:F,"نعم")) -> #VALUE! | N12: =IFERROR(AVERAGEIF([2]التقييمات!B:B,A12,[2]التقييمات!H:H),"")
A13: TR-010 | B13: نوفمبر | C13: GLD / QPS | D13: إدارة الأزمات واستمرارية الأعمال | E13: لجنة الطوارئ وقادة الوحدات | F13: تنفيذ الاستجابة واستمرارية الخدمات | G13: تمرين مكتبي | H13: إدارة المنشأة | I13: 3 | J13: 17/11 | L13: مخطط | M13: =IF(A13="","",COUNTIFS([1]الحضور!B:B,A13,[1]الحضور!F:F,"نعم")) -> #VALUE! | N13: =IFERROR(AVERAGEIF([2]التقييمات!B:B,A13,[2]التقييمات!H:H),"")
A14: TR-011 | B14: ديسمبر | C14: QPS / HRP | D14: المراجعة السنوية وخطة العام القادم | E14: الإدارة ورؤساء الأقسام | F14: تحليل مؤشرات التدريب وخطة التحسين | G14: مراجعة | H14: الجودة والموارد البشرية | I14: 3 | J14: 46246 | L14: مخطط | M14: =IF(A14="","",COUNTIFS([1]الحضور!B:B,A14,[1]الحضور!F:F,"نعم")) -> #VALUE! | N14: =IFERROR(AVERAGEIF([2]التقييمات!B:B,A14,[2]التقييمات!H:H),"")
M15: =IF(A15="","",COUNTIFS([1]الحضور!B:B,A15,[1]الحضور!F:F,"نعم")) | N15: =IFERROR(AVERAGEIF([2]التقييمات!B:B,A15,[2]التقييمات!H:H),"")
M16: =IF(A16="","",COUNTIFS([1]الحضور!B:B,A16,[1]الحضور!F:F,"نعم")) | N16: =IFERROR(AVERAGEIF([2]التقييمات!B:B,A16,[2]التقييمات!H:H),"")
M17: =IF(A17="","",COUNTIFS([1]الحضور!B:B,A17,[1]الحضور!F:F,"نعم")) | N17: =IFERROR(AVERAGEIF([2]التقييمات!B:B,A17,[2]التقييمات!H:H),"")
M18: =IF(A18="","",COUNTIFS([1]الحضور!B:B,A18,[1]الحضور!F:F,"نعم")) | N18: =IFERROR(AVERAGEIF([2]التقييمات!B:B,A18,[2]التقييمات!H:H),"")
M19: =IF(A19="","",COUNTIFS([1]الحضور!B:B,A19,[1]الحضور!F:F,"نعم")) | N19: =IFERROR(AVERAGEIF([2]التقييمات!B:B,A19,[2]التقييمات!H:H),"")
M20: =IF(A20="","",COUNTIFS([1]الحضور!B:B,A20,[1]الحضور!F:F,"نعم")) | N20: =IFERROR(AVERAGEIF([2]التقييمات!B:B,A20,[2]التقييمات!H:H),"")
M21: =IF(A21="","",COUNTIFS([1]الحضور!B:B,A21,[1]الحضور!F:F,"نعم")) | N21: =IFERROR(AVERAGEIF([2]التقييمات!B:B,A21,[2]التقييمات!H:H),"")
M22: =IF(A22="","",COUNTIFS([1]الحضور!B:B,A22,[1]الحضور!F:F,"نعم")) | N22: =IFERROR(AVERAGEIF([2]التقييمات!B:B,A22,[2]التقييمات!H:H),"")
M23: =IF(A23="","",COUNTIFS([1]الحضور!B:B,A23,[1]الحضور!F:F,"نعم")) | N23: =IFERROR(AVERAGEIF([2]التقييمات!B:B,A23,[2]التقييمات!H:H),"")
M24: =IF(A24="","",COUNTIFS([1]الحضور!B:B,A24,[1]الحضور!F:F,"نعم")) | N24: =IFERROR(AVERAGEIF([2]التقييمات!B:B,A24,[2]التقييمات!H:H),"")
M25: =IF(A25="","",COUNTIFS([1]الحضور!B:B,A25,[1]الحضور!F:F,"نعم")) | N25: =IFERROR(AVERAGEIF([2]التقييمات!B:B,A25,[2]التقييمات!H:H),"")
M26: =IF(A26="","",COUNTIFS([1]الحضور!B:B,A26,[1]الحضور!F:F,"نعم")) | N26: =IFERROR(AVERAGEIF([2]التقييمات!B:B,A26,[2]التقييمات!H:H),"")
... M103: =IF(A103="","",COUNTIFS([1]الحضور!B:B,A103,[1]الحضور!F:F,"نعم")) | N103: =IFERROR(AVERAGEIF([2]التقييمات!B:B,A103,[2]التقييمات!H:H),"")

Sheet الموظفون
A1: قاعدة بيانات الموظفين
A3: كود الموظف | B3: اسم الموظف | C3: القسم | D3: المسمى الوظيفي | E3: نوع التعاقد | F3: تاريخ التعيين | G3: حالة الموظف | H3: المدير المباشر | I3: الهاتف/البريد | J3: عدد الأنشطة | K3: نسبة الإكمال | L3: ملاحظات
A4: EMP-001 | B4: أحمد محمد | C4: التمريض | D4: ممرض/ة | E4: دوام كامل | F4: 45658 | G4: نشط | H4: رئيس التمريض | J4: =COUNTIF([1]الحضور!D:D,A4) -> #VALUE! | K4: =IFERROR(COUNTIFS([1]الحضور!D:D,A4,[1]الحضور!F:F,"نعم")/J4,0) -> 0
A5: EMP-002 | B5: سارة علي | C5: الصيدلية | D5: صيدلي | E5: دوام كامل | F5: 15/02/2025 | G5: نشط | H5: مدير الصيدلية | J5: =COUNTIF([1]الحضور!D:D,A5) -> #VALUE! | K5: =IFERROR(COUNTIFS([1]الحضور!D:D,A5,[1]الحضور!F:F,"نعم")/J5,0) -> 0
A6: EMP-003 | B6: محمود حسن | C6: الاستقبال | D6: موظف استقبال | E6: دوام كامل | F6: 45933 | G6: نشط | H6: مدير خدمة العملاء | J6: =COUNTIF([1]الحضور!D:D,A6) -> #VALUE! | K6: =IFERROR(COUNTIFS([1]الحضور!D:D,A6,[1]الحضور!F:F,"نعم")/J6,0) -> 0
J7: =IF(A7="","",COUNTIF([1]الحضور!D:D,A7)) | K7: =IFERROR(COUNTIFS([1]الحضور!D:D,A7,[1]الحضور!F:F,"نعم")/J7,0) -> 0
J8: =IF(A8="","",COUNTIF([1]الحضور!D:D,A8)) | K8: =IFERROR(COUNTIFS([1]الحضور!D:D,A8,[1]الحضور!F:F,"نعم")/J8,0) -> 0
J9: =IF(A9="","",COUNTIF([1]الحضور!D:D,A9)) | K9: =IFERROR(COUNTIFS([1]الحضور!D:D,A9,[1]الحضور!F:F,"نعم")/J9,0) -> 0
J10: =IF(A10="","",COUNTIF([1]الحضور!D:D,A10)) | K10: =IFERROR(COUNTIFS([1]الحضور!D:D,A10,[1]الحضور!F:F,"نعم")/J10,0) -> 0
J11: =IF(A11="","",COUNTIF([1]الحضور!D:D,A11)) | K11: =IFERROR(COUNTIFS([1]الحضور!D:D,A11,[1]الحضور!F:F,"نعم")/J11,0) -> 0
J12: =IF(A12="","",COUNTIF([1]الحضور!D:D,A12)) | K12: =IFERROR(COUNTIFS([1]الحضور!D:D,A12,[1]الحضور!F:F,"نعم")/J12,0) -> 0
J13: =IF(A13="","",COUNTIF([1]الحضور!D:D,A13)) | K13: =IFERROR(COUNTIFS([1]الحضور!D:D,A13,[1]الحضور!F:F,"نعم")/J13,0) -> 0
J14: =IF(A14="","",COUNTIF([1]الحضور!D:D,A14)) | K14: =IFERROR(COUNTIFS([1]الحضور!D:D,A14,[1]الحضور!F:F,"نعم")/J14,0) -> 0
J15: =IF(A15="","",COUNTIF([1]الحضور!D:D,A15)) | K15: =IFERROR(COUNTIFS([1]الحضور!D:D,A15,[1]الحضور!F:F,"نعم")/J15,0) -> 0
J16: =IF(A16="","",COUNTIF([1]الحضور!D:D,A16)) | K16: =IFERROR(COUNTIFS([1]الحضور!D:D,A16,[1]الحضور!F:F,"نعم")/J16,0) -> 0
J17: =IF(A17="","",COUNTIF([1]الحضور!D:D,A17)) | K17: =IFERROR(COUNTIFS([1]الحضور!D:D,A17,[1]الحضور!F:F,"نعم")/J17,0) -> 0
J18: =IF(A18="","",COUNTIF([1]الحضور!D:D,A18)) | K18: =IFERROR(COUNTIFS([1]الحضور!D:D,A18,[1]الحضور!F:F,"نعم")/J18,0) -> 0
... J103: =IF(A103="","",COUNTIF([1]الحضور!D:D,A103)) | K103: =IFERROR(COUNTIFS([1]الحضور!D:D,A103,[1]الحضور!F:F,"نعم")/J103,0) -> 0

Sheet الإعدادات
A1: نظام خطة التدريب والتقييم المترابط
A3: البند | B3: القيمة
A4: اسم المنشأة | B4: يُستكمل
A5: نوع المنشأة | B5: مستشفى / مركز طبي
A6: سنة الخطة | B6: 2026
A7: حد النجاح % | B7: 70
A8: حد الحضور % | B8: 80
A9: مسؤول التدريب | B9: يُستكمل
A10: ملاحظة | B10: راجع آخر إصدار رسمي من دليل GAHAR ونطاق المنشأة قبل الاعتماد.
