Workbook

Sheet التقرير الشهري الديناميكي
A1: التقرير الشهري التفاعلي للتدريب والأداء
A3: اختر الشهر: | B3: يناير
A5: المؤشر الشهري | B5: القيمة المحققة بالشهر | C5: ملاحظات التقييم الشهري
A6: عدد البرامج المخططة بالشهر | B6: =COUNTIF('الخطة التدريبية المعتمدة'!L:L,B3) -> 3
A7: عدد الجلسات المنفذة بالشهر | B7: =COUNTIFS('جدول الجلسات التدريبية'!D:D,">=2026-01-01",'جدول الجلسات التدريبية'!J:J,"منفذة") -> 2
A8: إجمالي الحضور الفعلي بالشهر | B8: =COUNTIFS('سجل الحضور والتنفيذ'!H:H,"حاضر") -> 4
A9: متوسط درجة الاختبار البعدي بالشهر | B9: =IFERROR(AVERAGE('سجل الحضور والتنفيذ'!J:J),0) -> 7.75
A10: عدد حالات تقييم الكفاءة المنجزة بالشهر | B10: =COUNTIF('مصفوفة التقييم العملي للكفاءة'!I:I,">=2026-01-01") -> 3

Sheet لوحة المؤشرات والقيادة
A1: لوحة المؤشرات التنفيذية والاستراتيجية للتدريب والكفاءة
A3: المؤشر القياسي | B3: القيمة المحققة | C3: المستهدف القياسي | D3: الحالة والتقييم | E3: المصدر والمعادلة | F3: مرجع جهار
A4: إجمالي العاملين المسجلين | B4: =COUNTA('سجل الموظفين والكفاءة'!C4:C203) -> 10 | C4: كل الكادر | D4: مستوفى | E4: شيت الموظفين | F4: WFM.04
A5: نسبة استكمال التقييم السنوي | B5: =COUNTIF('سجل الموظفين والكفاءة'!I:I,"مُقيَّم")/B4 -> 0.9 | C5: 1 | D5: =IF(B5>=C5,"مطابق","غير مطابق - يوجد فجوة") -> غير مطابق - يوجد فجوة | E5: شيت الموظفين | F5: WFM.07
A6: إجمالي البرامج التخصصية بالخطة | B6: =COUNTA('الخطة التدريبية المعتمدة'!A4:A103) -> 20 | C6: حسب الاحتياج | D6: مكتمل | E6: شيت الخطة | F6: WFM.06
A7: نسبة تنفيذ الخطة التدريبية | B7: =COUNTIF('الخطة التدريبية المعتمدة'!R:R,"مستوفى بالكامل")/B6 -> 0 | C7: 0.9 | D7: =IF(B7>=C7,"مطابق","قيد التنفيذ") -> قيد التنفيذ | E7: شيت الخطة | F7: WFM.06
A8: إجمالي سجلات الحضور المنجزة | B8: =COUNTIF('سجل الحضور والتنفيذ'!H:H,"حاضر") -> 4 | C8: حسب المستهدف | D8: مستوفى | E8: شيت الحضور | F8: WFM.06
A9: نسبة الحضور الفعلي بالبرامج | B9: =IFERROR(B8/SUM('الخطة التدريبية المعتمدة'!F4:F103),0) -> 0.08 | C9: 0.85 | D9: =IF(B9>=C9,"مطابق","يحتاج تحسين") -> يحتاج تحسين | E9: شيت الحضور والخطة | F9: WFM.06
A10: متوسط التقييم المعرفي البعدي | B10: =IFERROR(AVERAGE('سجل الحضور والتنفيذ'!J:J)/10,0) -> 0.775 | C10: 0.7 | D10: =IF(B10>=C10,"مطابق ممتاز","يحتاج إعادة اختبار") -> مطابق ممتاز | E10: شيت الحضور | F10: WFM.06
A11: نسبة اجتياز التقييم العملي للمهارة | B11: =IFERROR(COUNTIF('مصفوفة التقييم العملي للكفاءة'!H:H,"كفء ومستوفى عملياً")/COUNTA('مصفوفة التقييم العملي للكفاءة'!A4:A203),0) -> 0.66666667 | C11: 0.8 | D11: =IF(B11>=C11,"مطابق كفء","يوجد حالات إعادة تدريب") -> يوجد حالات إعادة تدريب | E11: شيت الكفاءة العملية | F11: WFM.07
A12: عدد حالات إعادة التدريب الميداني | B12: =COUNTIF('مصفوفة التقييم العملي للكفاءة'!H:H,"غير كفء - يلزم تدريب ميداني إضافي") -> 1 | C12: 0 | D12: =IF(B12=0,"ممتاز - صفر إخفاق","يوجد حالات قيد المعالجة") -> يوجد حالات قيد المعالجة | E12: شيت الكفاءة العملية | F12: WFM.07
A13: نسبة الأدلة المكتملة والمراجعة | B13: =IFERROR(COUNTIF('سجل الأدلة وجاهزية جهار'!H:H,"مكتمل")/COUNTA('سجل الأدلة وجاهزية جهار'!A4:A203),0) -> 0.8 | C13: 1 | D13: =IF(B13>=C13,"جاهز لمسح جهار","غير جاهز لمسح جهار") -> غير جاهز لمسح جهار | E13: شيت الأدلة | F13: WFM.06

Sheet سجل الأدلة وجاهزية جهار
A1: سجل الأدلة والوثائق التدريبية الجاهزة للمراجعة والمسح الميداني
A3: كود الدليل | B3: كود البرنامج | C3: كود الجلسة | D3: نوع الدليل المطلوب | E3: اسم الملف / الرابط الإلكتروني | F3: المسؤول عن الحفظ | G3: تاريخ الحفظ | H3: حالة الدليل | I3: نتيجة مراجعة الجودة | J3: تاريخ المراجعة | K3: ملاحظات فريق المسح
A4: EVD-01 | B4: PSY-OR-01 | C4: SES-2026-01 | D4: وثيقة الخطة المعتمدة والتوجيه التعريفي | E4: Doc_Orientation_2026.pdf | F4: الموارد البشرية | G4: 46038 | H4: مكتمل | I4: معتمد ومطابق | J4: 46040
A5: EVD-02 | B5: PSY-OR-01 | C5: SES-2026-01 | D5: كشف الحضور الأصلي ونماذج التقييم | E5: Att_SES_2026_01.pdf | F5: منسق التدريب | G5: 46038 | H5: مكتمل | I5: معتمد ومطابق | J5: 46040
A6: EVD-03 | B6: PSY-01 | C6: SES-2026-02 | D6: المادة التدريبية واختبارات المعرفة C-SSRS | E6: Material_PSY_01.pdf | F6: إدارة الجودة | G6: 46043 | H6: مكتمل | I6: معتمد ومطابق | J6: 46045
A7: EVD-04 | B7: PSY-01 | C7: SES-2026-02 | D7: استمارات التقييم العملي الميداني لكفاءة الانتحار | E7: Comp_PSY_01_Eval.pdf | F7: المدير الطبي | G7: 46045 | H7: مكتمل | I7: معتمد ومطابق | J7: 46047
A8: EVD-05 | B8: PSY-02 | C8: SES-2026-03 | D8: مادة التدريب وتقرير سيناريو خفض التصعيد | F8: مسؤول السلامة والتمريض | H8: قيد التجميع | I8: تحت المراجعة

Sheet مصفوفة التقييم العملي للكفاءة
A1: مصفوفة التقييم العملي الميداني للكفاءة السريرية والتشغيلية
A3: رقم التقييم | B3: كود الموظف | C3: اسم الموظف | D3: الفئة الوظيفية | E3: اسم الكفاءة الميدانية | F3: البرنامج المرتبط | G3: درجة التقييم العملي % | H3: النتيجة العملية | I3: تاريخ التقييم | J3: المقيم المعتمد | K3: موعد إعادة التقييم | L3: الإجراء التصحيحي عند الإخفاق | M3: رابط نموذج التقييم
A4: CMP-001 | B4: EMP-101 | C4: =IFERROR(VLOOKUP(B4,'سجل الموظفين والكفاءة'!B:C,2,FALSE),"") -> أحمد محمود علي | D4: =IFERROR(VLOOKUP(B4,'سجل الموظفين والكفاءة'!B:E,4,FALSE),"") -> أطباء | E4: تقييم مخاطر الانتحار C-SSRS وتطبيق خطة الأمان | F4: PSY-01 | G4: 0.9 | H4: =IF(G4="","",IF(G4>='الإعدادات والمستهدفات'!B6,"كفء ومستوفى عملياً","غير كفء - يلزم تدريب ميداني إضافي")) -> كفء ومستوفى عملياً | I4: 46044 | J4: استشاري الطب النفسي | K4: =IF(G4="","",IF(G4<'الإعدادات والمستهدفات'!B6,I4+14,"—")) -> — | L4: =IF(G4="","",IF(G4<'الإعدادات والمستهدفات'!B6,"إعادة تدريب ميداني خلال 14 يوم ومراجعة مع المشرف","لا يوجد")) -> لا يوجد
A5: CMP-002 | B5: EMP-103 | C5: =IFERROR(VLOOKUP(B5,'سجل الموظفين والكفاءة'!B:C,2,FALSE),"") -> محمد حسن عبدالرحمن | D5: =IFERROR(VLOOKUP(B5,'سجل الموظفين والكفاءة'!B:E,4,FALSE),"") -> تمريض | E5: تقييم مخاطر الانتحار C-SSRS وتطبيق خطة الأمان | F5: PSY-01 | G5: 0.85 | H5: =IF(G5="","",IF(G5>='الإعدادات والمستهدفات'!B6,"كفء ومستوفى عملياً","غير كفء - يلزم تدريب ميداني إضافي")) -> كفء ومستوفى عملياً | I5: 46044 | J5: استشاري الطب النفسي | K5: =IF(G5="","",IF(G5<'الإعدادات والمستهدفات'!B6,I5+14,"—")) -> — | L5: =IF(G5="","",IF(G5<'الإعدادات والمستهدفات'!B6,"إعادة تدريب ميداني خلال 14 يوم ومراجعة مع المشرف","لا يوجد")) -> لا يوجد
A6: CMP-003 | B6: EMP-104 | C6: =IFERROR(VLOOKUP(B6,'سجل الموظفين والكفاءة'!B:C,2,FALSE),"") -> سارة خالد مصطفى | D6: =IFERROR(VLOOKUP(B6,'سجل الموظفين والكفاءة'!B:E,4,FALSE),"") -> تمريض | E6: تقنيات خفض التصعيد والسيطرة الآمنة De-escalation | F6: PSY-02 | G6: 0.65 | H6: =IF(G6="","",IF(G6>='الإعدادات والمستهدفات'!B6,"كفء ومستوفى عملياً","غير كفء - يلزم تدريب ميداني إضافي")) -> غير كفء - يلزم تدريب ميداني إضافي | I6: 46048 | J6: رئيس التمريض | K6: =IF(G6="","",IF(G6<'الإعدادات والمستهدفات'!B6,I6+14,"—")) -> 46062 | L6: =IF(G6="","",IF(G6<'الإعدادات والمستهدفات'!B6,"إعادة تدريب ميداني خلال 14 يوم ومراجعة مع المشرف","لا يوجد")) -> إعادة تدريب ميداني خلال 14 يوم ومراجعة مع المشرف
C7: =IFERROR(VLOOKUP(B7,'سجل الموظفين والكفاءة'!B:C,2,FALSE),"") | D7: =IFERROR(VLOOKUP(B7,'سجل الموظفين والكفاءة'!B:E,4,FALSE),"") | H7: =IF(G7="","",IF(G7>='الإعدادات والمستهدفات'!B6,"كفء ومستوفى عملياً","غير كفء - يلزم تدريب ميداني إضافي")) | K7: =IF(G7="","",IF(G7<'الإعدادات والمستهدفات'!B6,I7+14,"—")) | L7: =IF(G7="","",IF(G7<'الإعدادات والمستهدفات'!B6,"إعادة تدريب ميداني خلال 14 يوم ومراجعة مع المشرف","لا يوجد"))
C8: =IFERROR(VLOOKUP(B8,'سجل الموظفين والكفاءة'!B:C,2,FALSE),"") | D8: =IFERROR(VLOOKUP(B8,'سجل الموظفين والكفاءة'!B:E,4,FALSE),"") | H8: =IF(G8="","",IF(G8>='الإعدادات والمستهدفات'!B6,"كفء ومستوفى عملياً","غير كفء - يلزم تدريب ميداني إضافي")) | K8: =IF(G8="","",IF(G8<'الإعدادات والمستهدفات'!B6,I8+14,"—")) | L8: =IF(G8="","",IF(G8<'الإعدادات والمستهدفات'!B6,"إعادة تدريب ميداني خلال 14 يوم ومراجعة مع المشرف","لا يوجد"))
C9: =IFERROR(VLOOKUP(B9,'سجل الموظفين والكفاءة'!B:C,2,FALSE),"") | D9: =IFERROR(VLOOKUP(B9,'سجل الموظفين والكفاءة'!B:E,4,FALSE),"") | H9: =IF(G9="","",IF(G9>='الإعدادات والمستهدفات'!B6,"كفء ومستوفى عملياً","غير كفء - يلزم تدريب ميداني إضافي")) | K9: =IF(G9="","",IF(G9<'الإعدادات والمستهدفات'!B6,I9+14,"—")) | L9: =IF(G9="","",IF(G9<'الإعدادات والمستهدفات'!B6,"إعادة تدريب ميداني خلال 14 يوم ومراجعة مع المشرف","لا يوجد"))
C10: =IFERROR(VLOOKUP(B10,'سجل الموظفين والكفاءة'!B:C,2,FALSE),"") | D10: =IFERROR(VLOOKUP(B10,'سجل الموظفين والكفاءة'!B:E,4,FALSE),"") | H10: =IF(G10="","",IF(G10>='الإعدادات والمستهدفات'!B6,"كفء ومستوفى عملياً","غير كفء - يلزم تدريب ميداني إضافي")) | K10: =IF(G10="","",IF(G10<'الإعدادات والمستهدفات'!B6,I10+14,"—")) | L10: =IF(G10="","",IF(G10<'الإعدادات والمستهدفات'!B6,"إعادة تدريب ميداني خلال 14 يوم ومراجعة مع المشرف","لا يوجد"))
C11: =IFERROR(VLOOKUP(B11,'سجل الموظفين والكفاءة'!B:C,2,FALSE),"") | D11: =IFERROR(VLOOKUP(B11,'سجل الموظفين والكفاءة'!B:E,4,FALSE),"") | H11: =IF(G11="","",IF(G11>='الإعدادات والمستهدفات'!B6,"كفء ومستوفى عملياً","غير كفء - يلزم تدريب ميداني إضافي")) | K11: =IF(G11="","",IF(G11<'الإعدادات والمستهدفات'!B6,I11+14,"—")) | L11: =IF(G11="","",IF(G11<'الإعدادات والمستهدفات'!B6,"إعادة تدريب ميداني خلال 14 يوم ومراجعة مع المشرف","لا يوجد"))
C12: =IFERROR(VLOOKUP(B12,'سجل الموظفين والكفاءة'!B:C,2,FALSE),"") | D12: =IFERROR(VLOOKUP(B12,'سجل الموظفين والكفاءة'!B:E,4,FALSE),"") | H12: =IF(G12="","",IF(G12>='الإعدادات والمستهدفات'!B6,"كفء ومستوفى عملياً","غير كفء - يلزم تدريب ميداني إضافي")) | K12: =IF(G12="","",IF(G12<'الإعدادات والمستهدفات'!B6,I12+14,"—")) | L12: =IF(G12="","",IF(G12<'الإعدادات والمستهدفات'!B6,"إعادة تدريب ميداني خلال 14 يوم ومراجعة مع المشرف","لا يوجد"))
C13: =IFERROR(VLOOKUP(B13,'سجل الموظفين والكفاءة'!B:C,2,FALSE),"") | D13: =IFERROR(VLOOKUP(B13,'سجل الموظفين والكفاءة'!B:E,4,FALSE),"") | H13: =IF(G13="","",IF(G13>='الإعدادات والمستهدفات'!B6,"كفء ومستوفى عملياً","غير كفء - يلزم تدريب ميداني إضافي")) | K13: =IF(G13="","",IF(G13<'الإعدادات والمستهدفات'!B6,I13+14,"—")) | L13: =IF(G13="","",IF(G13<'الإعدادات والمستهدفات'!B6,"إعادة تدريب ميداني خلال 14 يوم ومراجعة مع المشرف","لا يوجد"))
C14: =IFERROR(VLOOKUP(B14,'سجل الموظفين والكفاءة'!B:C,2,FALSE),"") | D14: =IFERROR(VLOOKUP(B14,'سجل الموظفين والكفاءة'!B:E,4,FALSE),"") | H14: =IF(G14="","",IF(G14>='الإعدادات والمستهدفات'!B6,"كفء ومستوفى عملياً","غير كفء - يلزم تدريب ميداني إضافي")) | K14: =IF(G14="","",IF(G14<'الإعدادات والمستهدفات'!B6,I14+14,"—")) | L14: =IF(G14="","",IF(G14<'الإعدادات والمستهدفات'!B6,"إعادة تدريب ميداني خلال 14 يوم ومراجعة مع المشرف","لا يوجد"))
C15: =IFERROR(VLOOKUP(B15,'سجل الموظفين والكفاءة'!B:C,2,FALSE),"") | D15: =IFERROR(VLOOKUP(B15,'سجل الموظفين والكفاءة'!B:E,4,FALSE),"") | H15: =IF(G15="","",IF(G15>='الإعدادات والمستهدفات'!B6,"كفء ومستوفى عملياً","غير كفء - يلزم تدريب ميداني إضافي")) | K15: =IF(G15="","",IF(G15<'الإعدادات والمستهدفات'!B6,I15+14,"—")) | L15: =IF(G15="","",IF(G15<'الإعدادات والمستهدفات'!B6,"إعادة تدريب ميداني خلال 14 يوم ومراجعة مع المشرف","لا يوجد"))
C16: =IFERROR(VLOOKUP(B16,'سجل الموظفين والكفاءة'!B:C,2,FALSE),"") | D16: =IFERROR(VLOOKUP(B16,'سجل الموظفين والكفاءة'!B:E,4,FALSE),"") | H16: =IF(G16="","",IF(G16>='الإعدادات والمستهدفات'!B6,"كفء ومستوفى عملياً","غير كفء - يلزم تدريب ميداني إضافي")) | K16: =IF(G16="","",IF(G16<'الإعدادات والمستهدفات'!B6,I16+14,"—")) | L16: =IF(G16="","",IF(G16<'الإعدادات والمستهدفات'!B6,"إعادة تدريب ميداني خلال 14 يوم ومراجعة مع المشرف","لا يوجد"))
C17: =IFERROR(VLOOKUP(B17,'سجل الموظفين والكفاءة'!B:C,2,FALSE),"") | D17: =IFERROR(VLOOKUP(B17,'سجل الموظفين والكفاءة'!B:E,4,FALSE),"") | H17: =IF(G17="","",IF(G17>='الإعدادات والمستهدفات'!B6,"كفء ومستوفى عملياً","غير كفء - يلزم تدريب ميداني إضافي")) | K17: =IF(G17="","",IF(G17<'الإعدادات والمستهدفات'!B6,I17+14,"—")) | L17: =IF(G17="","",IF(G17<'الإعدادات والمستهدفات'!B6,"إعادة تدريب ميداني خلال 14 يوم ومراجعة مع المشرف","لا يوجد"))
C18: =IFERROR(VLOOKUP(B18,'سجل الموظفين والكفاءة'!B:C,2,FALSE),"") | D18: =IFERROR(VLOOKUP(B18,'سجل الموظفين والكفاءة'!B:E,4,FALSE),"") | H18: =IF(G18="","",IF(G18>='الإعدادات والمستهدفات'!B6,"كفء ومستوفى عملياً","غير كفء - يلزم تدريب ميداني إضافي")) | K18: =IF(G18="","",IF(G18<'الإعدادات والمستهدفات'!B6,I18+14,"—")) | L18: =IF(G18="","",IF(G18<'الإعدادات والمستهدفات'!B6,"إعادة تدريب ميداني خلال 14 يوم ومراجعة مع المشرف","لا يوجد"))
C19: =IFERROR(VLOOKUP(B19,'سجل الموظفين والكفاءة'!B:C,2,FALSE),"") | D19: =IFERROR(VLOOKUP(B19,'سجل الموظفين والكفاءة'!B:E,4,FALSE),"") | H19: =IF(G19="","",IF(G19>='الإعدادات والمستهدفات'!B6,"كفء ومستوفى عملياً","غير كفء - يلزم تدريب ميداني إضافي")) | K19: =IF(G19="","",IF(G19<'الإعدادات والمستهدفات'!B6,I19+14,"—")) | L19: =IF(G19="","",IF(G19<'الإعدادات والمستهدفات'!B6,"إعادة تدريب ميداني خلال 14 يوم ومراجعة مع المشرف","لا يوجد"))
C20: =IFERROR(VLOOKUP(B20,'سجل الموظفين والكفاءة'!B:C,2,FALSE),"") | D20: =IFERROR(VLOOKUP(B20,'سجل الموظفين والكفاءة'!B:E,4,FALSE),"") | H20: =IF(G20="","",IF(G20>='الإعدادات والمستهدفات'!B6,"كفء ومستوفى عملياً","غير كفء - يلزم تدريب ميداني إضافي")) | K20: =IF(G20="","",IF(G20<'الإعدادات والمستهدفات'!B6,I20+14,"—")) | L20: =IF(G20="","",IF(G20<'الإعدادات والمستهدفات'!B6,"إعادة تدريب ميداني خلال 14 يوم ومراجعة مع المشرف","لا يوجد"))
C21: =IFERROR(VLOOKUP(B21,'سجل الموظفين والكفاءة'!B:C,2,FALSE),"") | D21: =IFERROR(VLOOKUP(B21,'سجل الموظفين والكفاءة'!B:E,4,FALSE),"") | H21: =IF(G21="","",IF(G21>='الإعدادات والمستهدفات'!B6,"كفء ومستوفى عملياً","غير كفء - يلزم تدريب ميداني إضافي")) | K21: =IF(G21="","",IF(G21<'الإعدادات والمستهدفات'!B6,I21+14,"—")) | L21: =IF(G21="","",IF(G21<'الإعدادات والمستهدفات'!B6,"إعادة تدريب ميداني خلال 14 يوم ومراجعة مع المشرف","لا يوجد"))
C22: =IFERROR(VLOOKUP(B22,'سجل الموظفين والكفاءة'!B:C,2,FALSE),"") | D22: =IFERROR(VLOOKUP(B22,'سجل الموظفين والكفاءة'!B:E,4,FALSE),"") | H22: =IF(G22="","",IF(G22>='الإعدادات والمستهدفات'!B6,"كفء ومستوفى عملياً","غير كفء - يلزم تدريب ميداني إضافي")) | K22: =IF(G22="","",IF(G22<'الإعدادات والمستهدفات'!B6,I22+14,"—")) | L22: =IF(G22="","",IF(G22<'الإعدادات والمستهدفات'!B6,"إعادة تدريب ميداني خلال 14 يوم ومراجعة مع المشرف","لا يوجد"))
C23: =IFERROR(VLOOKUP(B23,'سجل الموظفين والكفاءة'!B:C,2,FALSE),"") | D23: =IFERROR(VLOOKUP(B23,'سجل الموظفين والكفاءة'!B:E,4,FALSE),"") | H23: =IF(G23="","",IF(G23>='الإعدادات والمستهدفات'!B6,"كفء ومستوفى عملياً","غير كفء - يلزم تدريب ميداني إضافي")) | K23: =IF(G23="","",IF(G23<'الإعدادات والمستهدفات'!B6,I23+14,"—")) | L23: =IF(G23="","",IF(G23<'الإعدادات والمستهدفات'!B6,"إعادة تدريب ميداني خلال 14 يوم ومراجعة مع المشرف","لا يوجد"))
C24: =IFERROR(VLOOKUP(B24,'سجل الموظفين والكفاءة'!B:C,2,FALSE),"") | D24: =IFERROR(VLOOKUP(B24,'سجل الموظفين والكفاءة'!B:E,4,FALSE),"") | H24: =IF(G24="","",IF(G24>='الإعدادات والمستهدفات'!B6,"كفء ومستوفى عملياً","غير كفء - يلزم تدريب ميداني إضافي")) | K24: =IF(G24="","",IF(G24<'الإعدادات والمستهدفات'!B6,I24+14,"—")) | L24: =IF(G24="","",IF(G24<'الإعدادات والمستهدفات'!B6,"إعادة تدريب ميداني خلال 14 يوم ومراجعة مع المشرف","لا يوجد"))
C25: =IFERROR(VLOOKUP(B25,'سجل الموظفين والكفاءة'!B:C,2,FALSE),"") | D25: =IFERROR(VLOOKUP(B25,'سجل الموظفين والكفاءة'!B:E,4,FALSE),"") | H25: =IF(G25="","",IF(G25>='الإعدادات والمستهدفات'!B6,"كفء ومستوفى عملياً","غير كفء - يلزم تدريب ميداني إضافي")) | K25: =IF(G25="","",IF(G25<'الإعدادات والمستهدفات'!B6,I25+14,"—")) | L25: =IF(G25="","",IF(G25<'الإعدادات والمستهدفات'!B6,"إعادة تدريب ميداني خلال 14 يوم ومراجعة مع المشرف","لا يوجد"))
C26: =IFERROR(VLOOKUP(B26,'سجل الموظفين والكفاءة'!B:C,2,FALSE),"") | D26: =IFERROR(VLOOKUP(B26,'سجل الموظفين والكفاءة'!B:E,4,FALSE),"") | H26: =IF(G26="","",IF(G26>='الإعدادات والمستهدفات'!B6,"كفء ومستوفى عملياً","غير كفء - يلزم تدريب ميداني إضافي")) | K26: =IF(G26="","",IF(G26<'الإعدادات والمستهدفات'!B6,I26+14,"—")) | L26: =IF(G26="","",IF(G26<'الإعدادات والمستهدفات'!B6,"إعادة تدريب ميداني خلال 14 يوم ومراجعة مع المشرف","لا يوجد"))
C27: =IFERROR(VLOOKUP(B27,'سجل الموظفين والكفاءة'!B:C,2,FALSE),"") | D27: =IFERROR(VLOOKUP(B27,'سجل الموظفين والكفاءة'!B:E,4,FALSE),"") | H27: =IF(G27="","",IF(G27>='الإعدادات والمستهدفات'!B6,"كفء ومستوفى عملياً","غير كفء - يلزم تدريب ميداني إضافي")) | K27: =IF(G27="","",IF(G27<'الإعدادات والمستهدفات'!B6,I27+14,"—")) | L27: =IF(G27="","",IF(G27<'الإعدادات والمستهدفات'!B6,"إعادة تدريب ميداني خلال 14 يوم ومراجعة مع المشرف","لا يوجد"))
C28: =IFERROR(VLOOKUP(B28,'سجل الموظفين والكفاءة'!B:C,2,FALSE),"") | D28: =IFERROR(VLOOKUP(B28,'سجل الموظفين والكفاءة'!B:E,4,FALSE),"") | H28: =IF(G28="","",IF(G28>='الإعدادات والمستهدفات'!B6,"كفء ومستوفى عملياً","غير كفء - يلزم تدريب ميداني إضافي")) | K28: =IF(G28="","",IF(G28<'الإعدادات والمستهدفات'!B6,I28+14,"—")) | L28: =IF(G28="","",IF(G28<'الإعدادات والمستهدفات'!B6,"إعادة تدريب ميداني خلال 14 يوم ومراجعة مع المشرف","لا يوجد"))
C29: =IFERROR(VLOOKUP(B29,'سجل الموظفين والكفاءة'!B:C,2,FALSE),"") | D29: =IFERROR(VLOOKUP(B29,'سجل الموظفين والكفاءة'!B:E,4,FALSE),"") | H29: =IF(G29="","",IF(G29>='الإعدادات والمستهدفات'!B6,"كفء ومستوفى عملياً","غير كفء - يلزم تدريب ميداني إضافي")) | K29: =IF(G29="","",IF(G29<'الإعدادات والمستهدفات'!B6,I29+14,"—")) | L29: =IF(G29="","",IF(G29<'الإعدادات والمستهدفات'!B6,"إعادة تدريب ميداني خلال 14 يوم ومراجعة مع المشرف","لا يوجد"))
C30: =IFERROR(VLOOKUP(B30,'سجل الموظفين والكفاءة'!B:C,2,FALSE),"") | D30: =IFERROR(VLOOKUP(B30,'سجل الموظفين والكفاءة'!B:E,4,FALSE),"") | H30: =IF(G30="","",IF(G30>='الإعدادات والمستهدفات'!B6,"كفء ومستوفى عملياً","غير كفء - يلزم تدريب ميداني إضافي")) | K30: =IF(G30="","",IF(G30<'الإعدادات والمستهدفات'!B6,I30+14,"—")) | L30: =IF(G30="","",IF(G30<'الإعدادات والمستهدفات'!B6,"إعادة تدريب ميداني خلال 14 يوم ومراجعة مع المشرف","لا يوجد"))
C31: =IFERROR(VLOOKUP(B31,'سجل الموظفين والكفاءة'!B:C,2,FALSE),"") | D31: =IFERROR(VLOOKUP(B31,'سجل الموظفين والكفاءة'!B:E,4,FALSE),"") | H31: =IF(G31="","",IF(G31>='الإعدادات والمستهدفات'!B6,"كفء ومستوفى عملياً","غير كفء - يلزم تدريب ميداني إضافي")) | K31: =IF(G31="","",IF(G31<'الإعدادات والمستهدفات'!B6,I31+14,"—")) | L31: =IF(G31="","",IF(G31<'الإعدادات والمستهدفات'!B6,"إعادة تدريب ميداني خلال 14 يوم ومراجعة مع المشرف","لا يوجد"))
C32: =IFERROR(VLOOKUP(B32,'سجل الموظفين والكفاءة'!B:C,2,FALSE),"") | D32: =IFERROR(VLOOKUP(B32,'سجل الموظفين والكفاءة'!B:E,4,FALSE),"") | H32: =IF(G32="","",IF(G32>='الإعدادات والمستهدفات'!B6,"كفء ومستوفى عملياً","غير كفء - يلزم تدريب ميداني إضافي")) | K32: =IF(G32="","",IF(G32<'الإعدادات والمستهدفات'!B6,I32+14,"—")) | L32: =IF(G32="","",IF(G32<'الإعدادات والمستهدفات'!B6,"إعادة تدريب ميداني خلال 14 يوم ومراجعة مع المشرف","لا يوجد"))
C33: =IFERROR(VLOOKUP(B33,'سجل الموظفين والكفاءة'!B:C,2,FALSE),"") | D33: =IFERROR(VLOOKUP(B33,'سجل الموظفين والكفاءة'!B:E,4,FALSE),"") | H33: =IF(G33="","",IF(G33>='الإعدادات والمستهدفات'!B6,"كفء ومستوفى عملياً","غير كفء - يلزم تدريب ميداني إضافي")) | K33: =IF(G33="","",IF(G33<'الإعدادات والمستهدفات'!B6,I33+14,"—")) | L33: =IF(G33="","",IF(G33<'الإعدادات والمستهدفات'!B6,"إعادة تدريب ميداني خلال 14 يوم ومراجعة مع المشرف","لا يوجد"))
C34: =IFERROR(VLOOKUP(B34,'سجل الموظفين والكفاءة'!B:C,2,FALSE),"") | D34: =IFERROR(VLOOKUP(B34,'سجل الموظفين والكفاءة'!B:E,4,FALSE),"") | H34: =IF(G34="","",IF(G34>='الإعدادات والمستهدفات'!B6,"كفء ومستوفى عملياً","غير كفء - يلزم تدريب ميداني إضافي")) | K34: =IF(G34="","",IF(G34<'الإعدادات والمستهدفات'!B6,I34+14,"—")) | L34: =IF(G34="","",IF(G34<'الإعدادات والمستهدفات'!B6,"إعادة تدريب ميداني خلال 14 يوم ومراجعة مع المشرف","لا يوجد"))
C35: =IFERROR(VLOOKUP(B35,'سجل الموظفين والكفاءة'!B:C,2,FALSE),"") | D35: =IFERROR(VLOOKUP(B35,'سجل الموظفين والكفاءة'!B:E,4,FALSE),"") | H35: =IF(G35="","",IF(G35>='الإعدادات والمستهدفات'!B6,"كفء ومستوفى عملياً","غير كفء - يلزم تدريب ميداني إضافي")) | K35: =IF(G35="","",IF(G35<'الإعدادات والمستهدفات'!B6,I35+14,"—")) | L35: =IF(G35="","",IF(G35<'الإعدادات والمستهدفات'!B6,"إعادة تدريب ميداني خلال 14 يوم ومراجعة مع المشرف","لا يوجد"))
C36: =IFERROR(VLOOKUP(B36,'سجل الموظفين والكفاءة'!B:C,2,FALSE),"") | D36: =IFERROR(VLOOKUP(B36,'سجل الموظفين والكفاءة'!B:E,4,FALSE),"") | H36: =IF(G36="","",IF(G36>='الإعدادات والمستهدفات'!B6,"كفء ومستوفى عملياً","غير كفء - يلزم تدريب ميداني إضافي")) | K36: =IF(G36="","",IF(G36<'الإعدادات والمستهدفات'!B6,I36+14,"—")) | L36: =IF(G36="","",IF(G36<'الإعدادات والمستهدفات'!B6,"إعادة تدريب ميداني خلال 14 يوم ومراجعة مع المشرف","لا يوجد"))
C37: =IFERROR(VLOOKUP(B37,'سجل الموظفين والكفاءة'!B:C,2,FALSE),"") | D37: =IFERROR(VLOOKUP(B37,'سجل الموظفين والكفاءة'!B:E,4,FALSE),"") | H37: =IF(G37="","",IF(G37>='الإعدادات والمستهدفات'!B6,"كفء ومستوفى عملياً","غير كفء - يلزم تدريب ميداني إضافي")) | K37: =IF(G37="","",IF(G37<'الإعدادات والمستهدفات'!B6,I37+14,"—")) | L37: =IF(G37="","",IF(G37<'الإعدادات والمستهدفات'!B6,"إعادة تدريب ميداني خلال 14 يوم ومراجعة مع المشرف","لا يوجد"))
C38: =IFERROR(VLOOKUP(B38,'سجل الموظفين والكفاءة'!B:C,2,FALSE),"") | D38: =IFERROR(VLOOKUP(B38,'سجل الموظفين والكفاءة'!B:E,4,FALSE),"") | H38: =IF(G38="","",IF(G38>='الإعدادات والمستهدفات'!B6,"كفء ومستوفى عملياً","غير كفء - يلزم تدريب ميداني إضافي")) | K38: =IF(G38="","",IF(G38<'الإعدادات والمستهدفات'!B6,I38+14,"—")) | L38: =IF(G38="","",IF(G38<'الإعدادات والمستهدفات'!B6,"إعادة تدريب ميداني خلال 14 يوم ومراجعة مع المشرف","لا يوجد"))
C39: =IFERROR(VLOOKUP(B39,'سجل الموظفين والكفاءة'!B:C,2,FALSE),"") | D39: =IFERROR(VLOOKUP(B39,'سجل الموظفين والكفاءة'!B:E,4,FALSE),"") | H39: =IF(G39="","",IF(G39>='الإعدادات والمستهدفات'!B6,"كفء ومستوفى عملياً","غير كفء - يلزم تدريب ميداني إضافي")) | K39: =IF(G39="","",IF(G39<'الإعدادات والمستهدفات'!B6,I39+14,"—")) | L39: =IF(G39="","",IF(G39<'الإعدادات والمستهدفات'!B6,"إعادة تدريب ميداني خلال 14 يوم ومراجعة مع المشرف","لا يوجد"))
C40: =IFERROR(VLOOKUP(B40,'سجل الموظفين والكفاءة'!B:C,2,FALSE),"") | D40: =IFERROR(VLOOKUP(B40,'سجل الموظفين والكفاءة'!B:E,4,FALSE),"") | H40: =IF(G40="","",IF(G40>='الإعدادات والمستهدفات'!B6,"كفء ومستوفى عملياً","غير كفء - يلزم تدريب ميداني إضافي")) | K40: =IF(G40="","",IF(G40<'الإعدادات والمستهدفات'!B6,I40+14,"—")) | L40: =IF(G40="","",IF(G40<'الإعدادات والمستهدفات'!B6,"إعادة تدريب ميداني خلال 14 يوم ومراجعة مع المشرف","لا يوجد"))
C41: =IFERROR(VLOOKUP(B41,'سجل الموظفين والكفاءة'!B:C,2,FALSE),"") | D41: =IFERROR(VLOOKUP(B41,'سجل الموظفين والكفاءة'!B:E,4,FALSE),"") | H41: =IF(G41="","",IF(G41>='الإعدادات والمستهدفات'!B6,"كفء ومستوفى عملياً","غير كفء - يلزم تدريب ميداني إضافي")) | K41: =IF(G41="","",IF(G41<'الإعدادات والمستهدفات'!B6,I41+14,"—")) | L41: =IF(G41="","",IF(G41<'الإعدادات والمستهدفات'!B6,"إعادة تدريب ميداني خلال 14 يوم ومراجعة مع المشرف","لا يوجد"))
C42: =IFERROR(VLOOKUP(B42,'سجل الموظفين والكفاءة'!B:C,2,FALSE),"") | D42: =IFERROR(VLOOKUP(B42,'سجل الموظفين والكفاءة'!B:E,4,FALSE),"") | H42: =IF(G42="","",IF(G42>='الإعدادات والمستهدفات'!B6,"كفء ومستوفى عملياً","غير كفء - يلزم تدريب ميداني إضافي")) | K42: =IF(G42="","",IF(G42<'الإعدادات والمستهدفات'!B6,I42+14,"—")) | L42: =IF(G42="","",IF(G42<'الإعدادات والمستهدفات'!B6,"إعادة تدريب ميداني خلال 14 يوم ومراجعة مع المشرف","لا يوجد"))
C43: =IFERROR(VLOOKUP(B43,'سجل الموظفين والكفاءة'!B:C,2,FALSE),"") | D43: =IFERROR(VLOOKUP(B43,'سجل الموظفين والكفاءة'!B:E,4,FALSE),"") | H43: =IF(G43="","",IF(G43>='الإعدادات والمستهدفات'!B6,"كفء ومستوفى عملياً","غير كفء - يلزم تدريب ميداني إضافي")) | K43: =IF(G43="","",IF(G43<'الإعدادات والمستهدفات'!B6,I43+14,"—")) | L43: =IF(G43="","",IF(G43<'الإعدادات والمستهدفات'!B6,"إعادة تدريب ميداني خلال 14 يوم ومراجعة مع المشرف","لا يوجد"))
C44: =IFERROR(VLOOKUP(B44,'سجل الموظفين والكفاءة'!B:C,2,FALSE),"") | D44: =IFERROR(VLOOKUP(B44,'سجل الموظفين والكفاءة'!B:E,4,FALSE),"") | H44: =IF(G44="","",IF(G44>='الإعدادات والمستهدفات'!B6,"كفء ومستوفى عملياً","غير كفء - يلزم تدريب ميداني إضافي")) | K44: =IF(G44="","",IF(G44<'الإعدادات والمستهدفات'!B6,I44+14,"—")) | L44: =IF(G44="","",IF(G44<'الإعدادات والمستهدفات'!B6,"إعادة تدريب ميداني خلال 14 يوم ومراجعة مع المشرف","لا يوجد"))
C45: =IFERROR(VLOOKUP(B45,'سجل الموظفين والكفاءة'!B:C,2,FALSE),"") | D45: =IFERROR(VLOOKUP(B45,'سجل الموظفين والكفاءة'!B:E,4,FALSE),"") | H45: =IF(G45="","",IF(G45>='الإعدادات والمستهدفات'!B6,"كفء ومستوفى عملياً","غير كفء - يلزم تدريب ميداني إضافي")) | K45: =IF(G45="","",IF(G45<'الإعدادات والمستهدفات'!B6,I45+14,"—")) | L45: =IF(G45="","",IF(G45<'الإعدادات والمستهدفات'!B6,"إعادة تدريب ميداني خلال 14 يوم ومراجعة مع المشرف","لا يوجد"))
C46: =IFERROR(VLOOKUP(B46,'سجل الموظفين والكفاءة'!B:C,2,FALSE),"") | D46: =IFERROR(VLOOKUP(B46,'سجل الموظفين والكفاءة'!B:E,4,FALSE),"") | H46: =IF(G46="","",IF(G46>='الإعدادات والمستهدفات'!B6,"كفء ومستوفى عملياً","غير كفء - يلزم تدريب ميداني إضافي")) | K46: =IF(G46="","",IF(G46<'الإعدادات والمستهدفات'!B6,I46+14,"—")) | L46: =IF(G46="","",IF(G46<'الإعدادات والمستهدفات'!B6,"إعادة تدريب ميداني خلال 14 يوم ومراجعة مع المشرف","لا يوجد"))
C47: =IFERROR(VLOOKUP(B47,'سجل الموظفين والكفاءة'!B:C,2,FALSE),"") | D47: =IFERROR(VLOOKUP(B47,'سجل الموظفين والكفاءة'!B:E,4,FALSE),"") | H47: =IF(G47="","",IF(G47>='الإعدادات والمستهدفات'!B6,"كفء ومستوفى عملياً","غير كفء - يلزم تدريب ميداني إضافي")) | K47: =IF(G47="","",IF(G47<'الإعدادات والمستهدفات'!B6,I47+14,"—")) | L47: =IF(G47="","",IF(G47<'الإعدادات والمستهدفات'!B6,"إعادة تدريب ميداني خلال 14 يوم ومراجعة مع المشرف","لا يوجد"))
C48: =IFERROR(VLOOKUP(B48,'سجل الموظفين والكفاءة'!B:C,2,FALSE),"") | D48: =IFERROR(VLOOKUP(B48,'سجل الموظفين والكفاءة'!B:E,4,FALSE),"") | H48: =IF(G48="","",IF(G48>='الإعدادات والمستهدفات'!B6,"كفء ومستوفى عملياً","غير كفء - يلزم تدريب ميداني إضافي")) | K48: =IF(G48="","",IF(G48<'الإعدادات والمستهدفات'!B6,I48+14,"—")) | L48: =IF(G48="","",IF(G48<'الإعدادات والمستهدفات'!B6,"إعادة تدريب ميداني خلال 14 يوم ومراجعة مع المشرف","لا يوجد"))
C49: =IFERROR(VLOOKUP(B49,'سجل الموظفين والكفاءة'!B:C,2,FALSE),"") | D49: =IFERROR(VLOOKUP(B49,'سجل الموظفين والكفاءة'!B:E,4,FALSE),"") | H49: =IF(G49="","",IF(G49>='الإعدادات والمستهدفات'!B6,"كفء ومستوفى عملياً","غير كفء - يلزم تدريب ميداني إضافي")) | K49: =IF(G49="","",IF(G49<'الإعدادات والمستهدفات'!B6,I49+14,"—")) | L49: =IF(G49="","",IF(G49<'الإعدادات والمستهدفات'!B6,"إعادة تدريب ميداني خلال 14 يوم ومراجعة مع المشرف","لا يوجد"))
C50: =IFERROR(VLOOKUP(B50,'سجل الموظفين والكفاءة'!B:C,2,FALSE),"") | D50: =IFERROR(VLOOKUP(B50,'سجل الموظفين والكفاءة'!B:E,4,FALSE),"") | H50: =IF(G50="","",IF(G50>='الإعدادات والمستهدفات'!B6,"كفء ومستوفى عملياً","غير كفء - يلزم تدريب ميداني إضافي")) | K50: =IF(G50="","",IF(G50<'الإعدادات والمستهدفات'!B6,I50+14,"—")) | L50: =IF(G50="","",IF(G50<'الإعدادات والمستهدفات'!B6,"إعادة تدريب ميداني خلال 14 يوم ومراجعة مع المشرف","لا يوجد"))
C51: =IFERROR(VLOOKUP(B51,'سجل الموظفين والكفاءة'!B:C,2,FALSE),"") | D51: =IFERROR(VLOOKUP(B51,'سجل الموظفين والكفاءة'!B:E,4,FALSE),"") | H51: =IF(G51="","",IF(G51>='الإعدادات والمستهدفات'!B6,"كفء ومستوفى عملياً","غير كفء - يلزم تدريب ميداني إضافي")) | K51: =IF(G51="","",IF(G51<'الإعدادات والمستهدفات'!B6,I51+14,"—")) | L51: =IF(G51="","",IF(G51<'الإعدادات والمستهدفات'!B6,"إعادة تدريب ميداني خلال 14 يوم ومراجعة مع المشرف","لا يوجد"))
C52: =IFERROR(VLOOKUP(B52,'سجل الموظفين والكفاءة'!B:C,2,FALSE),"") | D52: =IFERROR(VLOOKUP(B52,'سجل الموظفين والكفاءة'!B:E,4,FALSE),"") | H52: =IF(G52="","",IF(G52>='الإعدادات والمستهدفات'!B6,"كفء ومستوفى عملياً","غير كفء - يلزم تدريب ميداني إضافي")) | K52: =IF(G52="","",IF(G52<'الإعدادات والمستهدفات'!B6,I52+14,"—")) | L52: =IF(G52="","",IF(G52<'الإعدادات والمستهدفات'!B6,"إعادة تدريب ميداني خلال 14 يوم ومراجعة مع المشرف","لا يوجد"))
C53: =IFERROR(VLOOKUP(B53,'سجل الموظفين والكفاءة'!B:C,2,FALSE),"") | D53: =IFERROR(VLOOKUP(B53,'سجل الموظفين والكفاءة'!B:E,4,FALSE),"") | H53: =IF(G53="","",IF(G53>='الإعدادات والمستهدفات'!B6,"كفء ومستوفى عملياً","غير كفء - يلزم تدريب ميداني إضافي")) | K53: =IF(G53="","",IF(G53<'الإعدادات والمستهدفات'!B6,I53+14,"—")) | L53: =IF(G53="","",IF(G53<'الإعدادات والمستهدفات'!B6,"إعادة تدريب ميداني خلال 14 يوم ومراجعة مع المشرف","لا يوجد"))
C54: =IFERROR(VLOOKUP(B54,'سجل الموظفين والكفاءة'!B:C,2,FALSE),"") | D54: =IFERROR(VLOOKUP(B54,'سجل الموظفين والكفاءة'!B:E,4,FALSE),"") | H54: =IF(G54="","",IF(G54>='الإعدادات والمستهدفات'!B6,"كفء ومستوفى عملياً","غير كفء - يلزم تدريب ميداني إضافي")) | K54: =IF(G54="","",IF(G54<'الإعدادات والمستهدفات'!B6,I54+14,"—")) | L54: =IF(G54="","",IF(G54<'الإعدادات والمستهدفات'!B6,"إعادة تدريب ميداني خلال 14 يوم ومراجعة مع المشرف","لا يوجد"))
C55: =IFERROR(VLOOKUP(B55,'سجل الموظفين والكفاءة'!B:C,2,FALSE),"") | D55: =IFERROR(VLOOKUP(B55,'سجل الموظفين والكفاءة'!B:E,4,FALSE),"") | H55: =IF(G55="","",IF(G55>='الإعدادات والمستهدفات'!B6,"كفء ومستوفى عملياً","غير كفء - يلزم تدريب ميداني إضافي")) | K55: =IF(G55="","",IF(G55<'الإعدادات والمستهدفات'!B6,I55+14,"—")) | L55: =IF(G55="","",IF(G55<'الإعدادات والمستهدفات'!B6,"إعادة تدريب ميداني خلال 14 يوم ومراجعة مع المشرف","لا يوجد"))
C56: =IFERROR(VLOOKUP(B56,'سجل الموظفين والكفاءة'!B:C,2,FALSE),"") | D56: =IFERROR(VLOOKUP(B56,'سجل الموظفين والكفاءة'!B:E,4,FALSE),"") | H56: =IF(G56="","",IF(G56>='الإعدادات والمستهدفات'!B6,"كفء ومستوفى عملياً","غير كفء - يلزم تدريب ميداني إضافي")) | K56: =IF(G56="","",IF(G56<'الإعدادات والمستهدفات'!B6,I56+14,"—")) | L56: =IF(G56="","",IF(G56<'الإعدادات والمستهدفات'!B6,"إعادة تدريب ميداني خلال 14 يوم ومراجعة مع المشرف","لا يوجد"))
C57: =IFERROR(VLOOKUP(B57,'سجل الموظفين والكفاءة'!B:C,2,FALSE),"") | D57: =IFERROR(VLOOKUP(B57,'سجل الموظفين والكفاءة'!B:E,4,FALSE),"") | H57: =IF(G57="","",IF(G57>='الإعدادات والمستهدفات'!B6,"كفء ومستوفى عملياً","غير كفء - يلزم تدريب ميداني إضافي")) | K57: =IF(G57="","",IF(G57<'الإعدادات والمستهدفات'!B6,I57+14,"—")) | L57: =IF(G57="","",IF(G57<'الإعدادات والمستهدفات'!B6,"إعادة تدريب ميداني خلال 14 يوم ومراجعة مع المشرف","لا يوجد"))
C58: =IFERROR(VLOOKUP(B58,'سجل الموظفين والكفاءة'!B:C,2,FALSE),"") | D58: =IFERROR(VLOOKUP(B58,'سجل الموظفين والكفاءة'!B:E,4,FALSE),"") | H58: =IF(G58="","",IF(G58>='الإعدادات والمستهدفات'!B6,"كفء ومستوفى عملياً","غير كفء - يلزم تدريب ميداني إضافي")) | K58: =IF(G58="","",IF(G58<'الإعدادات والمستهدفات'!B6,I58+14,"—")) | L58: =IF(G58="","",IF(G58<'الإعدادات والمستهدفات'!B6,"إعادة تدريب ميداني خلال 14 يوم ومراجعة مع المشرف","لا يوجد"))
C59: =IFERROR(VLOOKUP(B59,'سجل الموظفين والكفاءة'!B:C,2,FALSE),"") | D59: =IFERROR(VLOOKUP(B59,'سجل الموظفين والكفاءة'!B:E,4,FALSE),"") | H59: =IF(G59="","",IF(G59>='الإعدادات والمستهدفات'!B6,"كفء ومستوفى عملياً","غير كفء - يلزم تدريب ميداني إضافي")) | K59: =IF(G59="","",IF(G59<'الإعدادات والمستهدفات'!B6,I59+14,"—")) | L59: =IF(G59="","",IF(G59<'الإعدادات والمستهدفات'!B6,"إعادة تدريب ميداني خلال 14 يوم ومراجعة مع المشرف","لا يوجد"))
C60: =IFERROR(VLOOKUP(B60,'سجل الموظفين والكفاءة'!B:C,2,FALSE),"") | D60: =IFERROR(VLOOKUP(B60,'سجل الموظفين والكفاءة'!B:E,4,FALSE),"") | H60: =IF(G60="","",IF(G60>='الإعدادات والمستهدفات'!B6,"كفء ومستوفى عملياً","غير كفء - يلزم تدريب ميداني إضافي")) | K60: =IF(G60="","",IF(G60<'الإعدادات والمستهدفات'!B6,I60+14,"—")) | L60: =IF(G60="","",IF(G60<'الإعدادات والمستهدفات'!B6,"إعادة تدريب ميداني خلال 14 يوم ومراجعة مع المشرف","لا يوجد"))
C61: =IFERROR(VLOOKUP(B61,'سجل الموظفين والكفاءة'!B:C,2,FALSE),"") | D61: =IFERROR(VLOOKUP(B61,'سجل الموظفين والكفاءة'!B:E,4,FALSE),"") | H61: =IF(G61="","",IF(G61>='الإعدادات والمستهدفات'!B6,"كفء ومستوفى عملياً","غير كفء - يلزم تدريب ميداني إضافي")) | K61: =IF(G61="","",IF(G61<'الإعدادات والمستهدفات'!B6,I61+14,"—")) | L61: =IF(G61="","",IF(G61<'الإعدادات والمستهدفات'!B6,"إعادة تدريب ميداني خلال 14 يوم ومراجعة مع المشرف","لا يوجد"))
C62: =IFERROR(VLOOKUP(B62,'سجل الموظفين والكفاءة'!B:C,2,FALSE),"") | D62: =IFERROR(VLOOKUP(B62,'سجل الموظفين والكفاءة'!B:E,4,FALSE),"") | H62: =IF(G62="","",IF(G62>='الإعدادات والمستهدفات'!B6,"كفء ومستوفى عملياً","غير كفء - يلزم تدريب ميداني إضافي")) | K62: =IF(G62="","",IF(G62<'الإعدادات والمستهدفات'!B6,I62+14,"—")) | L62: =IF(G62="","",IF(G62<'الإعدادات والمستهدفات'!B6,"إعادة تدريب ميداني خلال 14 يوم ومراجعة مع المشرف","لا يوجد"))
C63: =IFERROR(VLOOKUP(B63,'سجل الموظفين والكفاءة'!B:C,2,FALSE),"") | D63: =IFERROR(VLOOKUP(B63,'سجل الموظفين والكفاءة'!B:E,4,FALSE),"") | H63: =IF(G63="","",IF(G63>='الإعدادات والمستهدفات'!B6,"كفء ومستوفى عملياً","غير كفء - يلزم تدريب ميداني إضافي")) | K63: =IF(G63="","",IF(G63<'الإعدادات والمستهدفات'!B6,I63+14,"—")) | L63: =IF(G63="","",IF(G63<'الإعدادات والمستهدفات'!B6,"إعادة تدريب ميداني خلال 14 يوم ومراجعة مع المشرف","لا يوجد"))
C64: =IFERROR(VLOOKUP(B64,'سجل الموظفين والكفاءة'!B:C,2,FALSE),"") | D64: =IFERROR(VLOOKUP(B64,'سجل الموظفين والكفاءة'!B:E,4,FALSE),"") | H64: =IF(G64="","",IF(G64>='الإعدادات والمستهدفات'!B6,"كفء ومستوفى عملياً","غير كفء - يلزم تدريب ميداني إضافي")) | K64: =IF(G64="","",IF(G64<'الإعدادات والمستهدفات'!B6,I64+14,"—")) | L64: =IF(G64="","",IF(G64<'الإعدادات والمستهدفات'!B6,"إعادة تدريب ميداني خلال 14 يوم ومراجعة مع المشرف","لا يوجد"))
C65: =IFERROR(VLOOKUP(B65,'سجل الموظفين والكفاءة'!B:C,2,FALSE),"") | D65: =IFERROR(VLOOKUP(B65,'سجل الموظفين والكفاءة'!B:E,4,FALSE),"") | H65: =IF(G65="","",IF(G65>='الإعدادات والمستهدفات'!B6,"كفء ومستوفى عملياً","غير كفء - يلزم تدريب ميداني إضافي")) | K65: =IF(G65="","",IF(G65<'الإعدادات والمستهدفات'!B6,I65+14,"—")) | L65: =IF(G65="","",IF(G65<'الإعدادات والمستهدفات'!B6,"إعادة تدريب ميداني خلال 14 يوم ومراجعة مع المشرف","لا يوجد"))
C66: =IFERROR(VLOOKUP(B66,'سجل الموظفين والكفاءة'!B:C,2,FALSE),"") | D66: =IFERROR(VLOOKUP(B66,'سجل الموظفين والكفاءة'!B:E,4,FALSE),"") | H66: =IF(G66="","",IF(G66>='الإعدادات والمستهدفات'!B6,"كفء ومستوفى عملياً","غير كفء - يلزم تدريب ميداني إضافي")) | K66: =IF(G66="","",IF(G66<'الإعدادات والمستهدفات'!B6,I66+14,"—")) | L66: =IF(G66="","",IF(G66<'الإعدادات والمستهدفات'!B6,"إعادة تدريب ميداني خلال 14 يوم ومراجعة مع المشرف","لا يوجد"))
C67: =IFERROR(VLOOKUP(B67,'سجل الموظفين والكفاءة'!B:C,2,FALSE),"") | D67: =IFERROR(VLOOKUP(B67,'سجل الموظفين والكفاءة'!B:E,4,FALSE),"") | H67: =IF(G67="","",IF(G67>='الإعدادات والمستهدفات'!B6,"كفء ومستوفى عملياً","غير كفء - يلزم تدريب ميداني إضافي")) | K67: =IF(G67="","",IF(G67<'الإعدادات والمستهدفات'!B6,I67+14,"—")) | L67: =IF(G67="","",IF(G67<'الإعدادات والمستهدفات'!B6,"إعادة تدريب ميداني خلال 14 يوم ومراجعة مع المشرف","لا يوجد"))
C68: =IFERROR(VLOOKUP(B68,'سجل الموظفين والكفاءة'!B:C,2,FALSE),"") | D68: =IFERROR(VLOOKUP(B68,'سجل الموظفين والكفاءة'!B:E,4,FALSE),"") | H68: =IF(G68="","",IF(G68>='الإعدادات والمستهدفات'!B6,"كفء ومستوفى عملياً","غير كفء - يلزم تدريب ميداني إضافي")) | K68: =IF(G68="","",IF(G68<'الإعدادات والمستهدفات'!B6,I68+14,"—")) | L68: =IF(G68="","",IF(G68<'الإعدادات والمستهدفات'!B6,"إعادة تدريب ميداني خلال 14 يوم ومراجعة مع المشرف","لا يوجد"))
C69: =IFERROR(VLOOKUP(B69,'سجل الموظفين والكفاءة'!B:C,2,FALSE),"") | D69: =IFERROR(VLOOKUP(B69,'سجل الموظفين والكفاءة'!B:E,4,FALSE),"") | H69: =IF(G69="","",IF(G69>='الإعدادات والمستهدفات'!B6,"كفء ومستوفى عملياً","غير كفء - يلزم تدريب ميداني إضافي")) | K69: =IF(G69="","",IF(G69<'الإعدادات والمستهدفات'!B6,I69+14,"—")) | L69: =IF(G69="","",IF(G69<'الإعدادات والمستهدفات'!B6,"إعادة تدريب ميداني خلال 14 يوم ومراجعة مع المشرف","لا يوجد"))
C70: =IFERROR(VLOOKUP(B70,'سجل الموظفين والكفاءة'!B:C,2,FALSE),"") | D70: =IFERROR(VLOOKUP(B70,'سجل الموظفين والكفاءة'!B:E,4,FALSE),"") | H70: =IF(G70="","",IF(G70>='الإعدادات والمستهدفات'!B6,"كفء ومستوفى عملياً","غير كفء - يلزم تدريب ميداني إضافي")) | K70: =IF(G70="","",IF(G70<'الإعدادات والمستهدفات'!B6,I70+14,"—")) | L70: =IF(G70="","",IF(G70<'الإعدادات والمستهدفات'!B6,"إعادة تدريب ميداني خلال 14 يوم ومراجعة مع المشرف","لا يوجد"))
C71: =IFERROR(VLOOKUP(B71,'سجل الموظفين والكفاءة'!B:C,2,FALSE),"") | D71: =IFERROR(VLOOKUP(B71,'سجل الموظفين والكفاءة'!B:E,4,FALSE),"") | H71: =IF(G71="","",IF(G71>='الإعدادات والمستهدفات'!B6,"كفء ومستوفى عملياً","غير كفء - يلزم تدريب ميداني إضافي")) | K71: =IF(G71="","",IF(G71<'الإعدادات والمستهدفات'!B6,I71+14,"—")) | L71: =IF(G71="","",IF(G71<'الإعدادات والمستهدفات'!B6,"إعادة تدريب ميداني خلال 14 يوم ومراجعة مع المشرف","لا يوجد"))
C72: =IFERROR(VLOOKUP(B72,'سجل الموظفين والكفاءة'!B:C,2,FALSE),"") | D72: =IFERROR(VLOOKUP(B72,'سجل الموظفين والكفاءة'!B:E,4,FALSE),"") | H72: =IF(G72="","",IF(G72>='الإعدادات والمستهدفات'!B6,"كفء ومستوفى عملياً","غير كفء - يلزم تدريب ميداني إضافي")) | K72: =IF(G72="","",IF(G72<'الإعدادات والمستهدفات'!B6,I72+14,"—")) | L72: =IF(G72="","",IF(G72<'الإعدادات والمستهدفات'!B6,"إعادة تدريب ميداني خلال 14 يوم ومراجعة مع المشرف","لا يوجد"))
C73: =IFERROR(VLOOKUP(B73,'سجل الموظفين والكفاءة'!B:C,2,FALSE),"") | D73: =IFERROR(VLOOKUP(B73,'سجل الموظفين والكفاءة'!B:E,4,FALSE),"") | H73: =IF(G73="","",IF(G73>='الإعدادات والمستهدفات'!B6,"كفء ومستوفى عملياً","غير كفء - يلزم تدريب ميداني إضافي")) | K73: =IF(G73="","",IF(G73<'الإعدادات والمستهدفات'!B6,I73+14,"—")) | L73: =IF(G73="","",IF(G73<'الإعدادات والمستهدفات'!B6,"إعادة تدريب ميداني خلال 14 يوم ومراجعة مع المشرف","لا يوجد"))
C74: =IFERROR(VLOOKUP(B74,'سجل الموظفين والكفاءة'!B:C,2,FALSE),"") | D74: =IFERROR(VLOOKUP(B74,'سجل الموظفين والكفاءة'!B:E,4,FALSE),"") | H74: =IF(G74="","",IF(G74>='الإعدادات والمستهدفات'!B6,"كفء ومستوفى عملياً","غير كفء - يلزم تدريب ميداني إضافي")) | K74: =IF(G74="","",IF(G74<'الإعدادات والمستهدفات'!B6,I74+14,"—")) | L74: =IF(G74="","",IF(G74<'الإعدادات والمستهدفات'!B6,"إعادة تدريب ميداني خلال 14 يوم ومراجعة مع المشرف","لا يوجد"))
C75: =IFERROR(VLOOKUP(B75,'سجل الموظفين والكفاءة'!B:C,2,FALSE),"") | D75: =IFERROR(VLOOKUP(B75,'سجل الموظفين والكفاءة'!B:E,4,FALSE),"") | H75: =IF(G75="","",IF(G75>='الإعدادات والمستهدفات'!B6,"كفء ومستوفى عملياً","غير كفء - يلزم تدريب ميداني إضافي")) | K75: =IF(G75="","",IF(G75<'الإعدادات والمستهدفات'!B6,I75+14,"—")) | L75: =IF(G75="","",IF(G75<'الإعدادات والمستهدفات'!B6,"إعادة تدريب ميداني خلال 14 يوم ومراجعة مع المشرف","لا يوجد"))
C76: =IFERROR(VLOOKUP(B76,'سجل الموظفين والكفاءة'!B:C,2,FALSE),"") | D76: =IFERROR(VLOOKUP(B76,'سجل الموظفين والكفاءة'!B:E,4,FALSE),"") | H76: =IF(G76="","",IF(G76>='الإعدادات والمستهدفات'!B6,"كفء ومستوفى عملياً","غير كفء - يلزم تدريب ميداني إضافي")) | K76: =IF(G76="","",IF(G76<'الإعدادات والمستهدفات'!B6,I76+14,"—")) | L76: =IF(G76="","",IF(G76<'الإعدادات والمستهدفات'!B6,"إعادة تدريب ميداني خلال 14 يوم ومراجعة مع المشرف","لا يوجد"))
C77: =IFERROR(VLOOKUP(B77,'سجل الموظفين والكفاءة'!B:C,2,FALSE),"") | D77: =IFERROR(VLOOKUP(B77,'سجل الموظفين والكفاءة'!B:E,4,FALSE),"") | H77: =IF(G77="","",IF(G77>='الإعدادات والمستهدفات'!B6,"كفء ومستوفى عملياً","غير كفء - يلزم تدريب ميداني إضافي")) | K77: =IF(G77="","",IF(G77<'الإعدادات والمستهدفات'!B6,I77+14,"—")) | L77: =IF(G77="","",IF(G77<'الإعدادات والمستهدفات'!B6,"إعادة تدريب ميداني خلال 14 يوم ومراجعة مع المشرف","لا يوجد"))
C78: =IFERROR(VLOOKUP(B78,'سجل الموظفين والكفاءة'!B:C,2,FALSE),"") | D78: =IFERROR(VLOOKUP(B78,'سجل الموظفين والكفاءة'!B:E,4,FALSE),"") | H78: =IF(G78="","",IF(G78>='الإعدادات والمستهدفات'!B6,"كفء ومستوفى عملياً","غير كفء - يلزم تدريب ميداني إضافي")) | K78: =IF(G78="","",IF(G78<'الإعدادات والمستهدفات'!B6,I78+14,"—")) | L78: =IF(G78="","",IF(G78<'الإعدادات والمستهدفات'!B6,"إعادة تدريب ميداني خلال 14 يوم ومراجعة مع المشرف","لا يوجد"))
C79: =IFERROR(VLOOKUP(B79,'سجل الموظفين والكفاءة'!B:C,2,FALSE),"") | D79: =IFERROR(VLOOKUP(B79,'سجل الموظفين والكفاءة'!B:E,4,FALSE),"") | H79: =IF(G79="","",IF(G79>='الإعدادات والمستهدفات'!B6,"كفء ومستوفى عملياً","غير كفء - يلزم تدريب ميداني إضافي")) | K79: =IF(G79="","",IF(G79<'الإعدادات والمستهدفات'!B6,I79+14,"—")) | L79: =IF(G79="","",IF(G79<'الإعدادات والمستهدفات'!B6,"إعادة تدريب ميداني خلال 14 يوم ومراجعة مع المشرف","لا يوجد"))
C80: =IFERROR(VLOOKUP(B80,'سجل الموظفين والكفاءة'!B:C,2,FALSE),"") | D80: =IFERROR(VLOOKUP(B80,'سجل الموظفين والكفاءة'!B:E,4,FALSE),"") | H80: =IF(G80="","",IF(G80>='الإعدادات والمستهدفات'!B6,"كفء ومستوفى عملياً","غير كفء - يلزم تدريب ميداني إضافي")) | K80: =IF(G80="","",IF(G80<'الإعدادات والمستهدفات'!B6,I80+14,"—")) | L80: =IF(G80="","",IF(G80<'الإعدادات والمستهدفات'!B6,"إعادة تدريب ميداني خلال 14 يوم ومراجعة مع المشرف","لا يوجد"))
C81: =IFERROR(VLOOKUP(B81,'سجل الموظفين والكفاءة'!B:C,2,FALSE),"") | D81: =IFERROR(VLOOKUP(B81,'سجل الموظفين والكفاءة'!B:E,4,FALSE),"") | H81: =IF(G81="","",IF(G81>='الإعدادات والمستهدفات'!B6,"كفء ومستوفى عملياً","غير كفء - يلزم تدريب ميداني إضافي")) | K81: =IF(G81="","",IF(G81<'الإعدادات والمستهدفات'!B6,I81+14,"—")) | L81: =IF(G81="","",IF(G81<'الإعدادات والمستهدفات'!B6,"إعادة تدريب ميداني خلال 14 يوم ومراجعة مع المشرف","لا يوجد"))
C82: =IFERROR(VLOOKUP(B82,'سجل الموظفين والكفاءة'!B:C,2,FALSE),"") | D82: =IFERROR(VLOOKUP(B82,'سجل الموظفين والكفاءة'!B:E,4,FALSE),"") | H82: =IF(G82="","",IF(G82>='الإعدادات والمستهدفات'!B6,"كفء ومستوفى عملياً","غير كفء - يلزم تدريب ميداني إضافي")) | K82: =IF(G82="","",IF(G82<'الإعدادات والمستهدفات'!B6,I82+14,"—")) | L82: =IF(G82="","",IF(G82<'الإعدادات والمستهدفات'!B6,"إعادة تدريب ميداني خلال 14 يوم ومراجعة مع المشرف","لا يوجد"))
C83: =IFERROR(VLOOKUP(B83,'سجل الموظفين والكفاءة'!B:C,2,FALSE),"") | D83: =IFERROR(VLOOKUP(B83,'سجل الموظفين والكفاءة'!B:E,4,FALSE),"") | H83: =IF(G83="","",IF(G83>='الإعدادات والمستهدفات'!B6,"كفء ومستوفى عملياً","غير كفء - يلزم تدريب ميداني إضافي")) | K83: =IF(G83="","",IF(G83<'الإعدادات والمستهدفات'!B6,I83+14,"—")) | L83: =IF(G83="","",IF(G83<'الإعدادات والمستهدفات'!B6,"إعادة تدريب ميداني خلال 14 يوم ومراجعة مع المشرف","لا يوجد"))
C84: =IFERROR(VLOOKUP(B84,'سجل الموظفين والكفاءة'!B:C,2,FALSE),"") | D84: =IFERROR(VLOOKUP(B84,'سجل الموظفين والكفاءة'!B:E,4,FALSE),"") | H84: =IF(G84="","",IF(G84>='الإعدادات والمستهدفات'!B6,"كفء ومستوفى عملياً","غير كفء - يلزم تدريب ميداني إضافي")) | K84: =IF(G84="","",IF(G84<'الإعدادات والمستهدفات'!B6,I84+14,"—")) | L84: =IF(G84="","",IF(G84<'الإعدادات والمستهدفات'!B6,"إعادة تدريب ميداني خلال 14 يوم ومراجعة مع المشرف","لا يوجد"))
C85: =IFERROR(VLOOKUP(B85,'سجل الموظفين والكفاءة'!B:C,2,FALSE),"") | D85: =IFERROR(VLOOKUP(B85,'سجل الموظفين والكفاءة'!B:E,4,FALSE),"") | H85: =IF(G85="","",IF(G85>='الإعدادات والمستهدفات'!B6,"كفء ومستوفى عملياً","غير كفء - يلزم تدريب ميداني إضافي")) | K85: =IF(G85="","",IF(G85<'الإعدادات والمستهدفات'!B6,I85+14,"—")) | L85: =IF(G85="","",IF(G85<'الإعدادات والمستهدفات'!B6,"إعادة تدريب ميداني خلال 14 يوم ومراجعة مع المشرف","لا يوجد"))
C86: =IFERROR(VLOOKUP(B86,'سجل الموظفين والكفاءة'!B:C,2,FALSE),"") | D86: =IFERROR(VLOOKUP(B86,'سجل الموظفين والكفاءة'!B:E,4,FALSE),"") | H86: =IF(G86="","",IF(G86>='الإعدادات والمستهدفات'!B6,"كفء ومستوفى عملياً","غير كفء - يلزم تدريب ميداني إضافي")) | K86: =IF(G86="","",IF(G86<'الإعدادات والمستهدفات'!B6,I86+14,"—")) | L86: =IF(G86="","",IF(G86<'الإعدادات والمستهدفات'!B6,"إعادة تدريب ميداني خلال 14 يوم ومراجعة مع المشرف","لا يوجد"))
C87: =IFERROR(VLOOKUP(B87,'سجل الموظفين والكفاءة'!B:C,2,FALSE),"") | D87: =IFERROR(VLOOKUP(B87,'سجل الموظفين والكفاءة'!B:E,4,FALSE),"") | H87: =IF(G87="","",IF(G87>='الإعدادات والمستهدفات'!B6,"كفء ومستوفى عملياً","غير كفء - يلزم تدريب ميداني إضافي")) | K87: =IF(G87="","",IF(G87<'الإعدادات والمستهدفات'!B6,I87+14,"—")) | L87: =IF(G87="","",IF(G87<'الإعدادات والمستهدفات'!B6,"إعادة تدريب ميداني خلال 14 يوم ومراجعة مع المشرف","لا يوجد"))
C88: =IFERROR(VLOOKUP(B88,'سجل الموظفين والكفاءة'!B:C,2,FALSE),"") | D88: =IFERROR(VLOOKUP(B88,'سجل الموظفين والكفاءة'!B:E,4,FALSE),"") | H88: =IF(G88="","",IF(G88>='الإعدادات والمستهدفات'!B6,"كفء ومستوفى عملياً","غير كفء - يلزم تدريب ميداني إضافي")) | K88: =IF(G88="","",IF(G88<'الإعدادات والمستهدفات'!B6,I88+14,"—")) | L88: =IF(G88="","",IF(G88<'الإعدادات والمستهدفات'!B6,"إعادة تدريب ميداني خلال 14 يوم ومراجعة مع المشرف","لا يوجد"))
C89: =IFERROR(VLOOKUP(B89,'سجل الموظفين والكفاءة'!B:C,2,FALSE),"") | D89: =IFERROR(VLOOKUP(B89,'سجل الموظفين والكفاءة'!B:E,4,FALSE),"") | H89: =IF(G89="","",IF(G89>='الإعدادات والمستهدفات'!B6,"كفء ومستوفى عملياً","غير كفء - يلزم تدريب ميداني إضافي")) | K89: =IF(G89="","",IF(G89<'الإعدادات والمستهدفات'!B6,I89+14,"—")) | L89: =IF(G89="","",IF(G89<'الإعدادات والمستهدفات'!B6,"إعادة تدريب ميداني خلال 14 يوم ومراجعة مع المشرف","لا يوجد"))
C90: =IFERROR(VLOOKUP(B90,'سجل الموظفين والكفاءة'!B:C,2,FALSE),"") | D90: =IFERROR(VLOOKUP(B90,'سجل الموظفين والكفاءة'!B:E,4,FALSE),"") | H90: =IF(G90="","",IF(G90>='الإعدادات والمستهدفات'!B6,"كفء ومستوفى عملياً","غير كفء - يلزم تدريب ميداني إضافي")) | K90: =IF(G90="","",IF(G90<'الإعدادات والمستهدفات'!B6,I90+14,"—")) | L90: =IF(G90="","",IF(G90<'الإعدادات والمستهدفات'!B6,"إعادة تدريب ميداني خلال 14 يوم ومراجعة مع المشرف","لا يوجد"))
C91: =IFERROR(VLOOKUP(B91,'سجل الموظفين والكفاءة'!B:C,2,FALSE),"") | D91: =IFERROR(VLOOKUP(B91,'سجل الموظفين والكفاءة'!B:E,4,FALSE),"") | H91: =IF(G91="","",IF(G91>='الإعدادات والمستهدفات'!B6,"كفء ومستوفى عملياً","غير كفء - يلزم تدريب ميداني إضافي")) | K91: =IF(G91="","",IF(G91<'الإعدادات والمستهدفات'!B6,I91+14,"—")) | L91: =IF(G91="","",IF(G91<'الإعدادات والمستهدفات'!B6,"إعادة تدريب ميداني خلال 14 يوم ومراجعة مع المشرف","لا يوجد"))
C92: =IFERROR(VLOOKUP(B92,'سجل الموظفين والكفاءة'!B:C,2,FALSE),"") | D92: =IFERROR(VLOOKUP(B92,'سجل الموظفين والكفاءة'!B:E,4,FALSE),"") | H92: =IF(G92="","",IF(G92>='الإعدادات والمستهدفات'!B6,"كفء ومستوفى عملياً","غير كفء - يلزم تدريب ميداني إضافي")) | K92: =IF(G92="","",IF(G92<'الإعدادات والمستهدفات'!B6,I92+14,"—")) | L92: =IF(G92="","",IF(G92<'الإعدادات والمستهدفات'!B6,"إعادة تدريب ميداني خلال 14 يوم ومراجعة مع المشرف","لا يوجد"))
C93: =IFERROR(VLOOKUP(B93,'سجل الموظفين والكفاءة'!B:C,2,FALSE),"") | D93: =IFERROR(VLOOKUP(B93,'سجل الموظفين والكفاءة'!B:E,4,FALSE),"") | H93: =IF(G93="","",IF(G93>='الإعدادات والمستهدفات'!B6,"كفء ومستوفى عملياً","غير كفء - يلزم تدريب ميداني إضافي")) | K93: =IF(G93="","",IF(G93<'الإعدادات والمستهدفات'!B6,I93+14,"—")) | L93: =IF(G93="","",IF(G93<'الإعدادات والمستهدفات'!B6,"إعادة تدريب ميداني خلال 14 يوم ومراجعة مع المشرف","لا يوجد"))
C94: =IFERROR(VLOOKUP(B94,'سجل الموظفين والكفاءة'!B:C,2,FALSE),"") | D94: =IFERROR(VLOOKUP(B94,'سجل الموظفين والكفاءة'!B:E,4,FALSE),"") | H94: =IF(G94="","",IF(G94>='الإعدادات والمستهدفات'!B6,"كفء ومستوفى عملياً","غير كفء - يلزم تدريب ميداني إضافي")) | K94: =IF(G94="","",IF(G94<'الإعدادات والمستهدفات'!B6,I94+14,"—")) | L94: =IF(G94="","",IF(G94<'الإعدادات والمستهدفات'!B6,"إعادة تدريب ميداني خلال 14 يوم ومراجعة مع المشرف","لا يوجد"))
C95: =IFERROR(VLOOKUP(B95,'سجل الموظفين والكفاءة'!B:C,2,FALSE),"") | D95: =IFERROR(VLOOKUP(B95,'سجل الموظفين والكفاءة'!B:E,4,FALSE),"") | H95: =IF(G95="","",IF(G95>='الإعدادات والمستهدفات'!B6,"كفء ومستوفى عملياً","غير كفء - يلزم تدريب ميداني إضافي")) | K95: =IF(G95="","",IF(G95<'الإعدادات والمستهدفات'!B6,I95+14,"—")) | L95: =IF(G95="","",IF(G95<'الإعدادات والمستهدفات'!B6,"إعادة تدريب ميداني خلال 14 يوم ومراجعة مع المشرف","لا يوجد"))
C96: =IFERROR(VLOOKUP(B96,'سجل الموظفين والكفاءة'!B:C,2,FALSE),"") | D96: =IFERROR(VLOOKUP(B96,'سجل الموظفين والكفاءة'!B:E,4,FALSE),"") | H96: =IF(G96="","",IF(G96>='الإعدادات والمستهدفات'!B6,"كفء ومستوفى عملياً","غير كفء - يلزم تدريب ميداني إضافي")) | K96: =IF(G96="","",IF(G96<'الإعدادات والمستهدفات'!B6,I96+14,"—")) | L96: =IF(G96="","",IF(G96<'الإعدادات والمستهدفات'!B6,"إعادة تدريب ميداني خلال 14 يوم ومراجعة مع المشرف","لا يوجد"))
C97: =IFERROR(VLOOKUP(B97,'سجل الموظفين والكفاءة'!B:C,2,FALSE),"") | D97: =IFERROR(VLOOKUP(B97,'سجل الموظفين والكفاءة'!B:E,4,FALSE),"") | H97: =IF(G97="","",IF(G97>='الإعدادات والمستهدفات'!B6,"كفء ومستوفى عملياً","غير كفء - يلزم تدريب ميداني إضافي")) | K97: =IF(G97="","",IF(G97<'الإعدادات والمستهدفات'!B6,I97+14,"—")) | L97: =IF(G97="","",IF(G97<'الإعدادات والمستهدفات'!B6,"إعادة تدريب ميداني خلال 14 يوم ومراجعة مع المشرف","لا يوجد"))
C98: =IFERROR(VLOOKUP(B98,'سجل الموظفين والكفاءة'!B:C,2,FALSE),"") | D98: =IFERROR(VLOOKUP(B98,'سجل الموظفين والكفاءة'!B:E,4,FALSE),"") | H98: =IF(G98="","",IF(G98>='الإعدادات والمستهدفات'!B6,"كفء ومستوفى عملياً","غير كفء - يلزم تدريب ميداني إضافي")) | K98: =IF(G98="","",IF(G98<'الإعدادات والمستهدفات'!B6,I98+14,"—")) | L98: =IF(G98="","",IF(G98<'الإعدادات والمستهدفات'!B6,"إعادة تدريب ميداني خلال 14 يوم ومراجعة مع المشرف","لا يوجد"))
C99: =IFERROR(VLOOKUP(B99,'سجل الموظفين والكفاءة'!B:C,2,FALSE),"") | D99: =IFERROR(VLOOKUP(B99,'سجل الموظفين والكفاءة'!B:E,4,FALSE),"") | H99: =IF(G99="","",IF(G99>='الإعدادات والمستهدفات'!B6,"كفء ومستوفى عملياً","غير كفء - يلزم تدريب ميداني إضافي")) | K99: =IF(G99="","",IF(G99<'الإعدادات والمستهدفات'!B6,I99+14,"—")) | L99: =IF(G99="","",IF(G99<'الإعدادات والمستهدفات'!B6,"إعادة تدريب ميداني خلال 14 يوم ومراجعة مع المشرف","لا يوجد"))
C100: =IFERROR(VLOOKUP(B100,'سجل الموظفين والكفاءة'!B:C,2,FALSE),"") | D100: =IFERROR(VLOOKUP(B100,'سجل الموظفين والكفاءة'!B:E,4,FALSE),"") | H100: =IF(G100="","",IF(G100>='الإعدادات والمستهدفات'!B6,"كفء ومستوفى عملياً","غير كفء - يلزم تدريب ميداني إضافي")) | K100: =IF(G100="","",IF(G100<'الإعدادات والمستهدفات'!B6,I100+14,"—")) | L100: =IF(G100="","",IF(G100<'الإعدادات والمستهدفات'!B6,"إعادة تدريب ميداني خلال 14 يوم ومراجعة مع المشرف","لا يوجد"))
C101: =IFERROR(VLOOKUP(B101,'سجل الموظفين والكفاءة'!B:C,2,FALSE),"") | D101: =IFERROR(VLOOKUP(B101,'سجل الموظفين والكفاءة'!B:E,4,FALSE),"") | H101: =IF(G101="","",IF(G101>='الإعدادات والمستهدفات'!B6,"كفء ومستوفى عملياً","غير كفء - يلزم تدريب ميداني إضافي")) | K101: =IF(G101="","",IF(G101<'الإعدادات والمستهدفات'!B6,I101+14,"—")) | L101: =IF(G101="","",IF(G101<'الإعدادات والمستهدفات'!B6,"إعادة تدريب ميداني خلال 14 يوم ومراجعة مع المشرف","لا يوجد"))
...

Sheet سجل الحضور والتنفيذ
A1: سجل الحضور اليومي والاختبارات - ربط كود الجلسة بكود الموظف
A3: كود البرنامج | B3: كود الجلسة | C3: اسم البرنامج التدريبي | D3: تاريخ الجلسة | E3: كود الموظف | F3: اسم الموظف | G3: ساعات البرنامج | H3: حالة الحضور | I3: الاختبار القبلي (10) | J3: الاختبار البعدي (10) | K3: نسبة التحسن % | L3: نتيجة المعرفة | M3: تقييم المتدرب (5) | N3: ملاحظات المدرب
A4: =IFERROR(VLOOKUP(B4,'جدول الجلسات التدريبية'!A:B,2,FALSE),"") -> PSY-OR-01 | B4: SES-2026-01 | C4: =IFERROR(VLOOKUP(A4,'الخطة التدريبية المعتمدة'!A:C,3,FALSE),"") -> البرنامج التعريفي الشامل للموظفين الجدد (WFM.05) | D4: =IFERROR(VLOOKUP(B4,'جدول الجلسات التدريبية'!A:D,4,FALSE),"") -> 46037 | E4: EMP-110 | F4: =IFERROR(VLOOKUP(E4,'سجل الموظفين والكفاءة'!B:C,2,FALSE),"") -> ياسمين شريف العبد | G4: =IFERROR(VLOOKUP(A4,'الخطة التدريبية المعتمدة'!A:J,10,FALSE),0) -> 6 | H4: حاضر | I4: 4 | J4: 8 | K4: =IF(OR(I4="",J4="",I4=0),"",(J4-I4)/I4) -> 1 | L4: =IF(J4="","",IF(J4/10>='الإعدادات والمستهدفات'!B5,"ناجح ومستوفى","ضعيف - يلزم إعادة اختبار")) -> ناجح ومستوفى | M4: 4
A5: =IFERROR(VLOOKUP(B5,'جدول الجلسات التدريبية'!A:B,2,FALSE),"") -> PSY-01 | B5: SES-2026-02 | C5: =IFERROR(VLOOKUP(A5,'الخطة التدريبية المعتمدة'!A:C,3,FALSE),"") -> تقييم وإدارة مخاطر الانتحار وإيذاء النفس وخطة الأمان | D5: =IFERROR(VLOOKUP(B5,'جدول الجلسات التدريبية'!A:D,4,FALSE),"") -> 46042 | E5: EMP-101 | F5: =IFERROR(VLOOKUP(E5,'سجل الموظفين والكفاءة'!B:C,2,FALSE),"") -> أحمد محمود علي | G5: =IFERROR(VLOOKUP(A5,'الخطة التدريبية المعتمدة'!A:J,10,FALSE),0) -> 4 | H5: حاضر | I5: 5 | J5: 9 | K5: =IF(OR(I5="",J5="",I5=0),"",(J5-I5)/I5) -> 0.8 | L5: =IF(J5="","",IF(J5/10>='الإعدادات والمستهدفات'!B5,"ناجح ومستوفى","ضعيف - يلزم إعادة اختبار")) -> ناجح ومستوفى | M5: 5
A6: =IFERROR(VLOOKUP(B6,'جدول الجلسات التدريبية'!A:B,2,FALSE),"") -> PSY-01 | B6: SES-2026-02 | C6: =IFERROR(VLOOKUP(A6,'الخطة التدريبية المعتمدة'!A:C,3,FALSE),"") -> تقييم وإدارة مخاطر الانتحار وإيذاء النفس وخطة الأمان | D6: =IFERROR(VLOOKUP(B6,'جدول الجلسات التدريبية'!A:D,4,FALSE),"") -> 46042 | E6: EMP-103 | F6: =IFERROR(VLOOKUP(E6,'سجل الموظفين والكفاءة'!B:C,2,FALSE),"") -> محمد حسن عبدالرحمن | G6: =IFERROR(VLOOKUP(A6,'الخطة التدريبية المعتمدة'!A:J,10,FALSE),0) -> 4 | H6: حاضر | I6: 4 | J6: 8 | K6: =IF(OR(I6="",J6="",I6=0),"",(J6-I6)/I6) -> 1 | L6: =IF(J6="","",IF(J6/10>='الإعدادات والمستهدفات'!B5,"ناجح ومستوفى","ضعيف - يلزم إعادة اختبار")) -> ناجح ومستوفى | M6: 5
A7: =IFERROR(VLOOKUP(B7,'جدول الجلسات التدريبية'!A:B,2,FALSE),"") -> PSY-01 | B7: SES-2026-02 | C7: =IFERROR(VLOOKUP(A7,'الخطة التدريبية المعتمدة'!A:C,3,FALSE),"") -> تقييم وإدارة مخاطر الانتحار وإيذاء النفس وخطة الأمان | D7: =IFERROR(VLOOKUP(B7,'جدول الجلسات التدريبية'!A:D,4,FALSE),"") -> 46042 | E7: EMP-104 | F7: =IFERROR(VLOOKUP(E7,'سجل الموظفين والكفاءة'!B:C,2,FALSE),"") -> سارة خالد مصطفى | G7: =IFERROR(VLOOKUP(A7,'الخطة التدريبية المعتمدة'!A:J,10,FALSE),0) -> 4 | H7: حاضر | I7: 3 | J7: 6 | K7: =IF(OR(I7="",J7="",I7=0),"",(J7-I7)/I7) -> 1 | L7: =IF(J7="","",IF(J7/10>='الإعدادات والمستهدفات'!B5,"ناجح ومستوفى","ضعيف - يلزم إعادة اختبار")) -> ضعيف - يلزم إعادة اختبار | M7: 3
A8: =IFERROR(VLOOKUP(B8,'جدول الجلسات التدريبية'!A:B,2,FALSE),"") | C8: =IFERROR(VLOOKUP(A8,'الخطة التدريبية المعتمدة'!A:C,3,FALSE),"") | D8: =IFERROR(VLOOKUP(B8,'جدول الجلسات التدريبية'!A:D,4,FALSE),"") | F8: =IFERROR(VLOOKUP(E8,'سجل الموظفين والكفاءة'!B:C,2,FALSE),"") | G8: =IFERROR(VLOOKUP(A8,'الخطة التدريبية المعتمدة'!A:J,10,FALSE),0) -> 0 | K8: =IF(OR(I8="",J8="",I8=0),"",(J8-I8)/I8) | L8: =IF(J8="","",IF(J8/10>='الإعدادات والمستهدفات'!B5,"ناجح ومستوفى","ضعيف - يلزم إعادة اختبار"))
A9: =IFERROR(VLOOKUP(B9,'جدول الجلسات التدريبية'!A:B,2,FALSE),"") | C9: =IFERROR(VLOOKUP(A9,'الخطة التدريبية المعتمدة'!A:C,3,FALSE),"") | D9: =IFERROR(VLOOKUP(B9,'جدول الجلسات التدريبية'!A:D,4,FALSE),"") | F9: =IFERROR(VLOOKUP(E9,'سجل الموظفين والكفاءة'!B:C,2,FALSE),"") | G9: =IFERROR(VLOOKUP(A9,'الخطة التدريبية المعتمدة'!A:J,10,FALSE),0) -> 0 | K9: =IF(OR(I9="",J9="",I9=0),"",(J9-I9)/I9) | L9: =IF(J9="","",IF(J9/10>='الإعدادات والمستهدفات'!B5,"ناجح ومستوفى","ضعيف - يلزم إعادة اختبار"))
A10: =IFERROR(VLOOKUP(B10,'جدول الجلسات التدريبية'!A:B,2,FALSE),"") | C10: =IFERROR(VLOOKUP(A10,'الخطة التدريبية المعتمدة'!A:C,3,FALSE),"") | D10: =IFERROR(VLOOKUP(B10,'جدول الجلسات التدريبية'!A:D,4,FALSE),"") | F10: =IFERROR(VLOOKUP(E10,'سجل الموظفين والكفاءة'!B:C,2,FALSE),"") | G10: =IFERROR(VLOOKUP(A10,'الخطة التدريبية المعتمدة'!A:J,10,FALSE),0) -> 0 | K10: =IF(OR(I10="",J10="",I10=0),"",(J10-I10)/I10) | L10: =IF(J10="","",IF(J10/10>='الإعدادات والمستهدفات'!B5,"ناجح ومستوفى","ضعيف - يلزم إعادة اختبار"))
A11: =IFERROR(VLOOKUP(B11,'جدول الجلسات التدريبية'!A:B,2,FALSE),"") | C11: =IFERROR(VLOOKUP(A11,'الخطة التدريبية المعتمدة'!A:C,3,FALSE),"") | D11: =IFERROR(VLOOKUP(B11,'جدول الجلسات التدريبية'!A:D,4,FALSE),"") | F11: =IFERROR(VLOOKUP(E11,'سجل الموظفين والكفاءة'!B:C,2,FALSE),"") | G11: =IFERROR(VLOOKUP(A11,'الخطة التدريبية المعتمدة'!A:J,10,FALSE),0) -> 0 | K11: =IF(OR(I11="",J11="",I11=0),"",(J11-I11)/I11) | L11: =IF(J11="","",IF(J11/10>='الإعدادات والمستهدفات'!B5,"ناجح ومستوفى","ضعيف - يلزم إعادة اختبار"))
A12: =IFERROR(VLOOKUP(B12,'جدول الجلسات التدريبية'!A:B,2,FALSE),"") | C12: =IFERROR(VLOOKUP(A12,'الخطة التدريبية المعتمدة'!A:C,3,FALSE),"") | D12: =IFERROR(VLOOKUP(B12,'جدول الجلسات التدريبية'!A:D,4,FALSE),"") | F12: =IFERROR(VLOOKUP(E12,'سجل الموظفين والكفاءة'!B:C,2,FALSE),"") | G12: =IFERROR(VLOOKUP(A12,'الخطة التدريبية المعتمدة'!A:J,10,FALSE),0) -> 0 | K12: =IF(OR(I12="",J12="",I12=0),"",(J12-I12)/I12) | L12: =IF(J12="","",IF(J12/10>='الإعدادات والمستهدفات'!B5,"ناجح ومستوفى","ضعيف - يلزم إعادة اختبار"))
A13: =IFERROR(VLOOKUP(B13,'جدول الجلسات التدريبية'!A:B,2,FALSE),"") | C13: =IFERROR(VLOOKUP(A13,'الخطة التدريبية المعتمدة'!A:C,3,FALSE),"") | D13: =IFERROR(VLOOKUP(B13,'جدول الجلسات التدريبية'!A:D,4,FALSE),"") | F13: =IFERROR(VLOOKUP(E13,'سجل الموظفين والكفاءة'!B:C,2,FALSE),"") | G13: =IFERROR(VLOOKUP(A13,'الخطة التدريبية المعتمدة'!A:J,10,FALSE),0) -> 0 | K13: =IF(OR(I13="",J13="",I13=0),"",(J13-I13)/I13) | L13: =IF(J13="","",IF(J13/10>='الإعدادات والمستهدفات'!B5,"ناجح ومستوفى","ضعيف - يلزم إعادة اختبار"))
A14: =IFERROR(VLOOKUP(B14,'جدول الجلسات التدريبية'!A:B,2,FALSE),"") | C14: =IFERROR(VLOOKUP(A14,'الخطة التدريبية المعتمدة'!A:C,3,FALSE),"") | D14: =IFERROR(VLOOKUP(B14,'جدول الجلسات التدريبية'!A:D,4,FALSE),"") | F14: =IFERROR(VLOOKUP(E14,'سجل الموظفين والكفاءة'!B:C,2,FALSE),"") | G14: =IFERROR(VLOOKUP(A14,'الخطة التدريبية المعتمدة'!A:J,10,FALSE),0) -> 0 | K14: =IF(OR(I14="",J14="",I14=0),"",(J14-I14)/I14) | L14: =IF(J14="","",IF(J14/10>='الإعدادات والمستهدفات'!B5,"ناجح ومستوفى","ضعيف - يلزم إعادة اختبار"))
A15: =IFERROR(VLOOKUP(B15,'جدول الجلسات التدريبية'!A:B,2,FALSE),"") | C15: =IFERROR(VLOOKUP(A15,'الخطة التدريبية المعتمدة'!A:C,3,FALSE),"") | D15: =IFERROR(VLOOKUP(B15,'جدول الجلسات التدريبية'!A:D,4,FALSE),"") | F15: =IFERROR(VLOOKUP(E15,'سجل الموظفين والكفاءة'!B:C,2,FALSE),"") | G15: =IFERROR(VLOOKUP(A15,'الخطة التدريبية المعتمدة'!A:J,10,FALSE),0) -> 0 | K15: =IF(OR(I15="",J15="",I15=0),"",(J15-I15)/I15) | L15: =IF(J15="","",IF(J15/10>='الإعدادات والمستهدفات'!B5,"ناجح ومستوفى","ضعيف - يلزم إعادة اختبار"))
A16: =IFERROR(VLOOKUP(B16,'جدول الجلسات التدريبية'!A:B,2,FALSE),"") | C16: =IFERROR(VLOOKUP(A16,'الخطة التدريبية المعتمدة'!A:C,3,FALSE),"") | D16: =IFERROR(VLOOKUP(B16,'جدول الجلسات التدريبية'!A:D,4,FALSE),"") | F16: =IFERROR(VLOOKUP(E16,'سجل الموظفين والكفاءة'!B:C,2,FALSE),"") | G16: =IFERROR(VLOOKUP(A16,'الخطة التدريبية المعتمدة'!A:J,10,FALSE),0) -> 0 | K16: =IF(OR(I16="",J16="",I16=0),"",(J16-I16)/I16) | L16: =IF(J16="","",IF(J16/10>='الإعدادات والمستهدفات'!B5,"ناجح ومستوفى","ضعيف - يلزم إعادة اختبار"))
A17: =IFERROR(VLOOKUP(B17,'جدول الجلسات التدريبية'!A:B,2,FALSE),"") | C17: =IFERROR(VLOOKUP(A17,'الخطة التدريبية المعتمدة'!A:C,3,FALSE),"") | D17: =IFERROR(VLOOKUP(B17,'جدول الجلسات التدريبية'!A:D,4,FALSE),"") | F17: =IFERROR(VLOOKUP(E17,'سجل الموظفين والكفاءة'!B:C,2,FALSE),"") | G17: =IFERROR(VLOOKUP(A17,'الخطة التدريبية المعتمدة'!A:J,10,FALSE),0) -> 0 | K17: =IF(OR(I17="",J17="",I17=0),"",(J17-I17)/I17) | L17: =IF(J17="","",IF(J17/10>='الإعدادات والمستهدفات'!B5,"ناجح ومستوفى","ضعيف - يلزم إعادة اختبار"))
A18: =IFERROR(VLOOKUP(B18,'جدول الجلسات التدريبية'!A:B,2,FALSE),"") | C18: =IFERROR(VLOOKUP(A18,'الخطة التدريبية المعتمدة'!A:C,3,FALSE),"") | D18: =IFERROR(VLOOKUP(B18,'جدول الجلسات التدريبية'!A:D,4,FALSE),"") | F18: =IFERROR(VLOOKUP(E18,'سجل الموظفين والكفاءة'!B:C,2,FALSE),"") | G18: =IFERROR(VLOOKUP(A18,'الخطة التدريبية المعتمدة'!A:J,10,FALSE),0) -> 0 | K18: =IF(OR(I18="",J18="",I18=0),"",(J18-I18)/I18) | L18: =IF(J18="","",IF(J18/10>='الإعدادات والمستهدفات'!B5,"ناجح ومستوفى","ضعيف - يلزم إعادة اختبار"))
A19: =IFERROR(VLOOKUP(B19,'جدول الجلسات التدريبية'!A:B,2,FALSE),"") | C19: =IFERROR(VLOOKUP(A19,'الخطة التدريبية المعتمدة'!A:C,3,FALSE),"") | D19: =IFERROR(VLOOKUP(B19,'جدول الجلسات التدريبية'!A:D,4,FALSE),"") | F19: =IFERROR(VLOOKUP(E19,'سجل الموظفين والكفاءة'!B:C,2,FALSE),"") | G19: =IFERROR(VLOOKUP(A19,'الخطة التدريبية المعتمدة'!A:J,10,FALSE),0) -> 0 | K19: =IF(OR(I19="",J19="",I19=0),"",(J19-I19)/I19) | L19: =IF(J19="","",IF(J19/10>='الإعدادات والمستهدفات'!B5,"ناجح ومستوفى","ضعيف - يلزم إعادة اختبار"))
A20: =IFERROR(VLOOKUP(B20,'جدول الجلسات التدريبية'!A:B,2,FALSE),"") | C20: =IFERROR(VLOOKUP(A20,'الخطة التدريبية المعتمدة'!A:C,3,FALSE),"") | D20: =IFERROR(VLOOKUP(B20,'جدول الجلسات التدريبية'!A:D,4,FALSE),"") | F20: =IFERROR(VLOOKUP(E20,'سجل الموظفين والكفاءة'!B:C,2,FALSE),"") | G20: =IFERROR(VLOOKUP(A20,'الخطة التدريبية المعتمدة'!A:J,10,FALSE),0) -> 0 | K20: =IF(OR(I20="",J20="",I20=0),"",(J20-I20)/I20) | L20: =IF(J20="","",IF(J20/10>='الإعدادات والمستهدفات'!B5,"ناجح ومستوفى","ضعيف - يلزم إعادة اختبار"))
A21: =IFERROR(VLOOKUP(B21,'جدول الجلسات التدريبية'!A:B,2,FALSE),"") | C21: =IFERROR(VLOOKUP(A21,'الخطة التدريبية المعتمدة'!A:C,3,FALSE),"") | D21: =IFERROR(VLOOKUP(B21,'جدول الجلسات التدريبية'!A:D,4,FALSE),"") | F21: =IFERROR(VLOOKUP(E21,'سجل الموظفين والكفاءة'!B:C,2,FALSE),"") | G21: =IFERROR(VLOOKUP(A21,'الخطة التدريبية المعتمدة'!A:J,10,FALSE),0) -> 0 | K21: =IF(OR(I21="",J21="",I21=0),"",(J21-I21)/I21) | L21: =IF(J21="","",IF(J21/10>='الإعدادات والمستهدفات'!B5,"ناجح ومستوفى","ضعيف - يلزم إعادة اختبار"))
A22: =IFERROR(VLOOKUP(B22,'جدول الجلسات التدريبية'!A:B,2,FALSE),"") | C22: =IFERROR(VLOOKUP(A22,'الخطة التدريبية المعتمدة'!A:C,3,FALSE),"") | D22: =IFERROR(VLOOKUP(B22,'جدول الجلسات التدريبية'!A:D,4,FALSE),"") | F22: =IFERROR(VLOOKUP(E22,'سجل الموظفين والكفاءة'!B:C,2,FALSE),"") | G22: =IFERROR(VLOOKUP(A22,'الخطة التدريبية المعتمدة'!A:J,10,FALSE),0) -> 0 | K22: =IF(OR(I22="",J22="",I22=0),"",(J22-I22)/I22) | L22: =IF(J22="","",IF(J22/10>='الإعدادات والمستهدفات'!B5,"ناجح ومستوفى","ضعيف - يلزم إعادة اختبار"))
A23: =IFERROR(VLOOKUP(B23,'جدول الجلسات التدريبية'!A:B,2,FALSE),"") | C23: =IFERROR(VLOOKUP(A23,'الخطة التدريبية المعتمدة'!A:C,3,FALSE),"") | D23: =IFERROR(VLOOKUP(B23,'جدول الجلسات التدريبية'!A:D,4,FALSE),"") | F23: =IFERROR(VLOOKUP(E23,'سجل الموظفين والكفاءة'!B:C,2,FALSE),"") | G23: =IFERROR(VLOOKUP(A23,'الخطة التدريبية المعتمدة'!A:J,10,FALSE),0) -> 0 | K23: =IF(OR(I23="",J23="",I23=0),"",(J23-I23)/I23) | L23: =IF(J23="","",IF(J23/10>='الإعدادات والمستهدفات'!B5,"ناجح ومستوفى","ضعيف - يلزم إعادة اختبار"))
A24: =IFERROR(VLOOKUP(B24,'جدول الجلسات التدريبية'!A:B,2,FALSE),"") | C24: =IFERROR(VLOOKUP(A24,'الخطة التدريبية المعتمدة'!A:C,3,FALSE),"") | D24: =IFERROR(VLOOKUP(B24,'جدول الجلسات التدريبية'!A:D,4,FALSE),"") | F24: =IFERROR(VLOOKUP(E24,'سجل الموظفين والكفاءة'!B:C,2,FALSE),"") | G24: =IFERROR(VLOOKUP(A24,'الخطة التدريبية المعتمدة'!A:J,10,FALSE),0) -> 0 | K24: =IF(OR(I24="",J24="",I24=0),"",(J24-I24)/I24) | L24: =IF(J24="","",IF(J24/10>='الإعدادات والمستهدفات'!B5,"ناجح ومستوفى","ضعيف - يلزم إعادة اختبار"))
A25: =IFERROR(VLOOKUP(B25,'جدول الجلسات التدريبية'!A:B,2,FALSE),"") | C25: =IFERROR(VLOOKUP(A25,'الخطة التدريبية المعتمدة'!A:C,3,FALSE),"") | D25: =IFERROR(VLOOKUP(B25,'جدول الجلسات التدريبية'!A:D,4,FALSE),"") | F25: =IFERROR(VLOOKUP(E25,'سجل الموظفين والكفاءة'!B:C,2,FALSE),"") | G25: =IFERROR(VLOOKUP(A25,'الخطة التدريبية المعتمدة'!A:J,10,FALSE),0) -> 0 | K25: =IF(OR(I25="",J25="",I25=0),"",(J25-I25)/I25) | L25: =IF(J25="","",IF(J25/10>='الإعدادات والمستهدفات'!B5,"ناجح ومستوفى","ضعيف - يلزم إعادة اختبار"))
A26: =IFERROR(VLOOKUP(B26,'جدول الجلسات التدريبية'!A:B,2,FALSE),"") | C26: =IFERROR(VLOOKUP(A26,'الخطة التدريبية المعتمدة'!A:C,3,FALSE),"") | D26: =IFERROR(VLOOKUP(B26,'جدول الجلسات التدريبية'!A:D,4,FALSE),"") | F26: =IFERROR(VLOOKUP(E26,'سجل الموظفين والكفاءة'!B:C,2,FALSE),"") | G26: =IFERROR(VLOOKUP(A26,'الخطة التدريبية المعتمدة'!A:J,10,FALSE),0) -> 0 | K26: =IF(OR(I26="",J26="",I26=0),"",(J26-I26)/I26) | L26: =IF(J26="","",IF(J26/10>='الإعدادات والمستهدفات'!B5,"ناجح ومستوفى","ضعيف - يلزم إعادة اختبار"))
A27: =IFERROR(VLOOKUP(B27,'جدول الجلسات التدريبية'!A:B,2,FALSE),"") | C27: =IFERROR(VLOOKUP(A27,'الخطة التدريبية المعتمدة'!A:C,3,FALSE),"") | D27: =IFERROR(VLOOKUP(B27,'جدول الجلسات التدريبية'!A:D,4,FALSE),"") | F27: =IFERROR(VLOOKUP(E27,'سجل الموظفين والكفاءة'!B:C,2,FALSE),"") | G27: =IFERROR(VLOOKUP(A27,'الخطة التدريبية المعتمدة'!A:J,10,FALSE),0) -> 0 | K27: =IF(OR(I27="",J27="",I27=0),"",(J27-I27)/I27) | L27: =IF(J27="","",IF(J27/10>='الإعدادات والمستهدفات'!B5,"ناجح ومستوفى","ضعيف - يلزم إعادة اختبار"))
A28: =IFERROR(VLOOKUP(B28,'جدول الجلسات التدريبية'!A:B,2,FALSE),"") | C28: =IFERROR(VLOOKUP(A28,'الخطة التدريبية المعتمدة'!A:C,3,FALSE),"") | D28: =IFERROR(VLOOKUP(B28,'جدول الجلسات التدريبية'!A:D,4,FALSE),"") | F28: =IFERROR(VLOOKUP(E28,'سجل الموظفين والكفاءة'!B:C,2,FALSE),"") | G28: =IFERROR(VLOOKUP(A28,'الخطة التدريبية المعتمدة'!A:J,10,FALSE),0) -> 0 | K28: =IF(OR(I28="",J28="",I28=0),"",(J28-I28)/I28) | L28: =IF(J28="","",IF(J28/10>='الإعدادات والمستهدفات'!B5,"ناجح ومستوفى","ضعيف - يلزم إعادة اختبار"))
A29: =IFERROR(VLOOKUP(B29,'جدول الجلسات التدريبية'!A:B,2,FALSE),"") | C29: =IFERROR(VLOOKUP(A29,'الخطة التدريبية المعتمدة'!A:C,3,FALSE),"") | D29: =IFERROR(VLOOKUP(B29,'جدول الجلسات التدريبية'!A:D,4,FALSE),"") | F29: =IFERROR(VLOOKUP(E29,'سجل الموظفين والكفاءة'!B:C,2,FALSE),"") | G29: =IFERROR(VLOOKUP(A29,'الخطة التدريبية المعتمدة'!A:J,10,FALSE),0) -> 0 | K29: =IF(OR(I29="",J29="",I29=0),"",(J29-I29)/I29) | L29: =IF(J29="","",IF(J29/10>='الإعدادات والمستهدفات'!B5,"ناجح ومستوفى","ضعيف - يلزم إعادة اختبار"))
A30: =IFERROR(VLOOKUP(B30,'جدول الجلسات التدريبية'!A:B,2,FALSE),"") | C30: =IFERROR(VLOOKUP(A30,'الخطة التدريبية المعتمدة'!A:C,3,FALSE),"") | D30: =IFERROR(VLOOKUP(B30,'جدول الجلسات التدريبية'!A:D,4,FALSE),"") | F30: =IFERROR(VLOOKUP(E30,'سجل الموظفين والكفاءة'!B:C,2,FALSE),"") | G30: =IFERROR(VLOOKUP(A30,'الخطة التدريبية المعتمدة'!A:J,10,FALSE),0) -> 0 | K30: =IF(OR(I30="",J30="",I30=0),"",(J30-I30)/I30) | L30: =IF(J30="","",IF(J30/10>='الإعدادات والمستهدفات'!B5,"ناجح ومستوفى","ضعيف - يلزم إعادة اختبار"))
A31: =IFERROR(VLOOKUP(B31,'جدول الجلسات التدريبية'!A:B,2,FALSE),"") | C31: =IFERROR(VLOOKUP(A31,'الخطة التدريبية المعتمدة'!A:C,3,FALSE),"") | D31: =IFERROR(VLOOKUP(B31,'جدول الجلسات التدريبية'!A:D,4,FALSE),"") | F31: =IFERROR(VLOOKUP(E31,'سجل الموظفين والكفاءة'!B:C,2,FALSE),"") | G31: =IFERROR(VLOOKUP(A31,'الخطة التدريبية المعتمدة'!A:J,10,FALSE),0) -> 0 | K31: =IF(OR(I31="",J31="",I31=0),"",(J31-I31)/I31) | L31: =IF(J31="","",IF(J31/10>='الإعدادات والمستهدفات'!B5,"ناجح ومستوفى","ضعيف - يلزم إعادة اختبار"))
A32: =IFERROR(VLOOKUP(B32,'جدول الجلسات التدريبية'!A:B,2,FALSE),"") | C32: =IFERROR(VLOOKUP(A32,'الخطة التدريبية المعتمدة'!A:C,3,FALSE),"") | D32: =IFERROR(VLOOKUP(B32,'جدول الجلسات التدريبية'!A:D,4,FALSE),"") | F32: =IFERROR(VLOOKUP(E32,'سجل الموظفين والكفاءة'!B:C,2,FALSE),"") | G32: =IFERROR(VLOOKUP(A32,'الخطة التدريبية المعتمدة'!A:J,10,FALSE),0) -> 0 | K32: =IF(OR(I32="",J32="",I32=0),"",(J32-I32)/I32) | L32: =IF(J32="","",IF(J32/10>='الإعدادات والمستهدفات'!B5,"ناجح ومستوفى","ضعيف - يلزم إعادة اختبار"))
A33: =IFERROR(VLOOKUP(B33,'جدول الجلسات التدريبية'!A:B,2,FALSE),"") | C33: =IFERROR(VLOOKUP(A33,'الخطة التدريبية المعتمدة'!A:C,3,FALSE),"") | D33: =IFERROR(VLOOKUP(B33,'جدول الجلسات التدريبية'!A:D,4,FALSE),"") | F33: =IFERROR(VLOOKUP(E33,'سجل الموظفين والكفاءة'!B:C,2,FALSE),"") | G33: =IFERROR(VLOOKUP(A33,'الخطة التدريبية المعتمدة'!A:J,10,FALSE),0) -> 0 | K33: =IF(OR(I33="",J33="",I33=0),"",(J33-I33)/I33) | L33: =IF(J33="","",IF(J33/10>='الإعدادات والمستهدفات'!B5,"ناجح ومستوفى","ضعيف - يلزم إعادة اختبار"))
A34: =IFERROR(VLOOKUP(B34,'جدول الجلسات التدريبية'!A:B,2,FALSE),"") | C34: =IFERROR(VLOOKUP(A34,'الخطة التدريبية المعتمدة'!A:C,3,FALSE),"") | D34: =IFERROR(VLOOKUP(B34,'جدول الجلسات التدريبية'!A:D,4,FALSE),"") | F34: =IFERROR(VLOOKUP(E34,'سجل الموظفين والكفاءة'!B:C,2,FALSE),"") | G34: =IFERROR(VLOOKUP(A34,'الخطة التدريبية المعتمدة'!A:J,10,FALSE),0) -> 0 | K34: =IF(OR(I34="",J34="",I34=0),"",(J34-I34)/I34) | L34: =IF(J34="","",IF(J34/10>='الإعدادات والمستهدفات'!B5,"ناجح ومستوفى","ضعيف - يلزم إعادة اختبار"))
A35: =IFERROR(VLOOKUP(B35,'جدول الجلسات التدريبية'!A:B,2,FALSE),"") | C35: =IFERROR(VLOOKUP(A35,'الخطة التدريبية المعتمدة'!A:C,3,FALSE),"") | D35: =IFERROR(VLOOKUP(B35,'جدول الجلسات التدريبية'!A:D,4,FALSE),"") | F35: =IFERROR(VLOOKUP(E35,'سجل الموظفين والكفاءة'!B:C,2,FALSE),"") | G35: =IFERROR(VLOOKUP(A35,'الخطة التدريبية المعتمدة'!A:J,10,FALSE),0) -> 0 | K35: =IF(OR(I35="",J35="",I35=0),"",(J35-I35)/I35) | L35: =IF(J35="","",IF(J35/10>='الإعدادات والمستهدفات'!B5,"ناجح ومستوفى","ضعيف - يلزم إعادة اختبار"))
A36: =IFERROR(VLOOKUP(B36,'جدول الجلسات التدريبية'!A:B,2,FALSE),"") | C36: =IFERROR(VLOOKUP(A36,'الخطة التدريبية المعتمدة'!A:C,3,FALSE),"") | D36: =IFERROR(VLOOKUP(B36,'جدول الجلسات التدريبية'!A:D,4,FALSE),"") | F36: =IFERROR(VLOOKUP(E36,'سجل الموظفين والكفاءة'!B:C,2,FALSE),"") | G36: =IFERROR(VLOOKUP(A36,'الخطة التدريبية المعتمدة'!A:J,10,FALSE),0) -> 0 | K36: =IF(OR(I36="",J36="",I36=0),"",(J36-I36)/I36) | L36: =IF(J36="","",IF(J36/10>='الإعدادات والمستهدفات'!B5,"ناجح ومستوفى","ضعيف - يلزم إعادة اختبار"))
A37: =IFERROR(VLOOKUP(B37,'جدول الجلسات التدريبية'!A:B,2,FALSE),"") | C37: =IFERROR(VLOOKUP(A37,'الخطة التدريبية المعتمدة'!A:C,3,FALSE),"") | D37: =IFERROR(VLOOKUP(B37,'جدول الجلسات التدريبية'!A:D,4,FALSE),"") | F37: =IFERROR(VLOOKUP(E37,'سجل الموظفين والكفاءة'!B:C,2,FALSE),"") | G37: =IFERROR(VLOOKUP(A37,'الخطة التدريبية المعتمدة'!A:J,10,FALSE),0) -> 0 | K37: =IF(OR(I37="",J37="",I37=0),"",(J37-I37)/I37) | L37: =IF(J37="","",IF(J37/10>='الإعدادات والمستهدفات'!B5,"ناجح ومستوفى","ضعيف - يلزم إعادة اختبار"))
A38: =IFERROR(VLOOKUP(B38,'جدول الجلسات التدريبية'!A:B,2,FALSE),"") | C38: =IFERROR(VLOOKUP(A38,'الخطة التدريبية المعتمدة'!A:C,3,FALSE),"") | D38: =IFERROR(VLOOKUP(B38,'جدول الجلسات التدريبية'!A:D,4,FALSE),"") | F38: =IFERROR(VLOOKUP(E38,'سجل الموظفين والكفاءة'!B:C,2,FALSE),"") | G38: =IFERROR(VLOOKUP(A38,'الخطة التدريبية المعتمدة'!A:J,10,FALSE),0) -> 0 | K38: =IF(OR(I38="",J38="",I38=0),"",(J38-I38)/I38) | L38: =IF(J38="","",IF(J38/10>='الإعدادات والمستهدفات'!B5,"ناجح ومستوفى","ضعيف - يلزم إعادة اختبار"))
A39: =IFERROR(VLOOKUP(B39,'جدول الجلسات التدريبية'!A:B,2,FALSE),"") | C39: =IFERROR(VLOOKUP(A39,'الخطة التدريبية المعتمدة'!A:C,3,FALSE),"") | D39: =IFERROR(VLOOKUP(B39,'جدول الجلسات التدريبية'!A:D,4,FALSE),"") | F39: =IFERROR(VLOOKUP(E39,'سجل الموظفين والكفاءة'!B:C,2,FALSE),"") | G39: =IFERROR(VLOOKUP(A39,'الخطة التدريبية المعتمدة'!A:J,10,FALSE),0) -> 0 | K39: =IF(OR(I39="",J39="",I39=0),"",(J39-I39)/I39) | L39: =IF(J39="","",IF(J39/10>='الإعدادات والمستهدفات'!B5,"ناجح ومستوفى","ضعيف - يلزم إعادة اختبار"))
A40: =IFERROR(VLOOKUP(B40,'جدول الجلسات التدريبية'!A:B,2,FALSE),"") | C40: =IFERROR(VLOOKUP(A40,'الخطة التدريبية المعتمدة'!A:C,3,FALSE),"") | D40: =IFERROR(VLOOKUP(B40,'جدول الجلسات التدريبية'!A:D,4,FALSE),"") | F40: =IFERROR(VLOOKUP(E40,'سجل الموظفين والكفاءة'!B:C,2,FALSE),"") | G40: =IFERROR(VLOOKUP(A40,'الخطة التدريبية المعتمدة'!A:J,10,FALSE),0) -> 0 | K40: =IF(OR(I40="",J40="",I40=0),"",(J40-I40)/I40) | L40: =IF(J40="","",IF(J40/10>='الإعدادات والمستهدفات'!B5,"ناجح ومستوفى","ضعيف - يلزم إعادة اختبار"))
A41: =IFERROR(VLOOKUP(B41,'جدول الجلسات التدريبية'!A:B,2,FALSE),"") | C41: =IFERROR(VLOOKUP(A41,'الخطة التدريبية المعتمدة'!A:C,3,FALSE),"") | D41: =IFERROR(VLOOKUP(B41,'جدول الجلسات التدريبية'!A:D,4,FALSE),"") | F41: =IFERROR(VLOOKUP(E41,'سجل الموظفين والكفاءة'!B:C,2,FALSE),"") | G41: =IFERROR(VLOOKUP(A41,'الخطة التدريبية المعتمدة'!A:J,10,FALSE),0) -> 0 | K41: =IF(OR(I41="",J41="",I41=0),"",(J41-I41)/I41) | L41: =IF(J41="","",IF(J41/10>='الإعدادات والمستهدفات'!B5,"ناجح ومستوفى","ضعيف - يلزم إعادة اختبار"))
A42: =IFERROR(VLOOKUP(B42,'جدول الجلسات التدريبية'!A:B,2,FALSE),"") | C42: =IFERROR(VLOOKUP(A42,'الخطة التدريبية المعتمدة'!A:C,3,FALSE),"") | D42: =IFERROR(VLOOKUP(B42,'جدول الجلسات التدريبية'!A:D,4,FALSE),"") | F42: =IFERROR(VLOOKUP(E42,'سجل الموظفين والكفاءة'!B:C,2,FALSE),"") | G42: =IFERROR(VLOOKUP(A42,'الخطة التدريبية المعتمدة'!A:J,10,FALSE),0) -> 0 | K42: =IF(OR(I42="",J42="",I42=0),"",(J42-I42)/I42) | L42: =IF(J42="","",IF(J42/10>='الإعدادات والمستهدفات'!B5,"ناجح ومستوفى","ضعيف - يلزم إعادة اختبار"))
A43: =IFERROR(VLOOKUP(B43,'جدول الجلسات التدريبية'!A:B,2,FALSE),"") | C43: =IFERROR(VLOOKUP(A43,'الخطة التدريبية المعتمدة'!A:C,3,FALSE),"") | D43: =IFERROR(VLOOKUP(B43,'جدول الجلسات التدريبية'!A:D,4,FALSE),"") | F43: =IFERROR(VLOOKUP(E43,'سجل الموظفين والكفاءة'!B:C,2,FALSE),"") | G43: =IFERROR(VLOOKUP(A43,'الخطة التدريبية المعتمدة'!A:J,10,FALSE),0) -> 0 | K43: =IF(OR(I43="",J43="",I43=0),"",(J43-I43)/I43) | L43: =IF(J43="","",IF(J43/10>='الإعدادات والمستهدفات'!B5,"ناجح ومستوفى","ضعيف - يلزم إعادة اختبار"))
A44: =IFERROR(VLOOKUP(B44,'جدول الجلسات التدريبية'!A:B,2,FALSE),"") | C44: =IFERROR(VLOOKUP(A44,'الخطة التدريبية المعتمدة'!A:C,3,FALSE),"") | D44: =IFERROR(VLOOKUP(B44,'جدول الجلسات التدريبية'!A:D,4,FALSE),"") | F44: =IFERROR(VLOOKUP(E44,'سجل الموظفين والكفاءة'!B:C,2,FALSE),"") | G44: =IFERROR(VLOOKUP(A44,'الخطة التدريبية المعتمدة'!A:J,10,FALSE),0) -> 0 | K44: =IF(OR(I44="",J44="",I44=0),"",(J44-I44)/I44) | L44: =IF(J44="","",IF(J44/10>='الإعدادات والمستهدفات'!B5,"ناجح ومستوفى","ضعيف - يلزم إعادة اختبار"))
A45: =IFERROR(VLOOKUP(B45,'جدول الجلسات التدريبية'!A:B,2,FALSE),"") | C45: =IFERROR(VLOOKUP(A45,'الخطة التدريبية المعتمدة'!A:C,3,FALSE),"") | D45: =IFERROR(VLOOKUP(B45,'جدول الجلسات التدريبية'!A:D,4,FALSE),"") | F45: =IFERROR(VLOOKUP(E45,'سجل الموظفين والكفاءة'!B:C,2,FALSE),"") | G45: =IFERROR(VLOOKUP(A45,'الخطة التدريبية المعتمدة'!A:J,10,FALSE),0) -> 0 | K45: =IF(OR(I45="",J45="",I45=0),"",(J45-I45)/I45) | L45: =IF(J45="","",IF(J45/10>='الإعدادات والمستهدفات'!B5,"ناجح ومستوفى","ضعيف - يلزم إعادة اختبار"))
A46: =IFERROR(VLOOKUP(B46,'جدول الجلسات التدريبية'!A:B,2,FALSE),"") | C46: =IFERROR(VLOOKUP(A46,'الخطة التدريبية المعتمدة'!A:C,3,FALSE),"") | D46: =IFERROR(VLOOKUP(B46,'جدول الجلسات التدريبية'!A:D,4,FALSE),"") | F46: =IFERROR(VLOOKUP(E46,'سجل الموظفين والكفاءة'!B:C,2,FALSE),"") | G46: =IFERROR(VLOOKUP(A46,'الخطة التدريبية المعتمدة'!A:J,10,FALSE),0) -> 0 | K46: =IF(OR(I46="",J46="",I46=0),"",(J46-I46)/I46) | L46: =IF(J46="","",IF(J46/10>='الإعدادات والمستهدفات'!B5,"ناجح ومستوفى","ضعيف - يلزم إعادة اختبار"))
A47: =IFERROR(VLOOKUP(B47,'جدول الجلسات التدريبية'!A:B,2,FALSE),"") | C47: =IFERROR(VLOOKUP(A47,'الخطة التدريبية المعتمدة'!A:C,3,FALSE),"") | D47: =IFERROR(VLOOKUP(B47,'جدول الجلسات التدريبية'!A:D,4,FALSE),"") | F47: =IFERROR(VLOOKUP(E47,'سجل الموظفين والكفاءة'!B:C,2,FALSE),"") | G47: =IFERROR(VLOOKUP(A47,'الخطة التدريبية المعتمدة'!A:J,10,FALSE),0) -> 0 | K47: =IF(OR(I47="",J47="",I47=0),"",(J47-I47)/I47) | L47: =IF(J47="","",IF(J47/10>='الإعدادات والمستهدفات'!B5,"ناجح ومستوفى","ضعيف - يلزم إعادة اختبار"))
A48: =IFERROR(VLOOKUP(B48,'جدول الجلسات التدريبية'!A:B,2,FALSE),"") | C48: =IFERROR(VLOOKUP(A48,'الخطة التدريبية المعتمدة'!A:C,3,FALSE),"") | D48: =IFERROR(VLOOKUP(B48,'جدول الجلسات التدريبية'!A:D,4,FALSE),"") | F48: =IFERROR(VLOOKUP(E48,'سجل الموظفين والكفاءة'!B:C,2,FALSE),"") | G48: =IFERROR(VLOOKUP(A48,'الخطة التدريبية المعتمدة'!A:J,10,FALSE),0) -> 0 | K48: =IF(OR(I48="",J48="",I48=0),"",(J48-I48)/I48) | L48: =IF(J48="","",IF(J48/10>='الإعدادات والمستهدفات'!B5,"ناجح ومستوفى","ضعيف - يلزم إعادة اختبار"))
A49: =IFERROR(VLOOKUP(B49,'جدول الجلسات التدريبية'!A:B,2,FALSE),"") | C49: =IFERROR(VLOOKUP(A49,'الخطة التدريبية المعتمدة'!A:C,3,FALSE),"") | D49: =IFERROR(VLOOKUP(B49,'جدول الجلسات التدريبية'!A:D,4,FALSE),"") | F49: =IFERROR(VLOOKUP(E49,'سجل الموظفين والكفاءة'!B:C,2,FALSE),"") | G49: =IFERROR(VLOOKUP(A49,'الخطة التدريبية المعتمدة'!A:J,10,FALSE),0) -> 0 | K49: =IF(OR(I49="",J49="",I49=0),"",(J49-I49)/I49) | L49: =IF(J49="","",IF(J49/10>='الإعدادات والمستهدفات'!B5,"ناجح ومستوفى","ضعيف - يلزم إعادة اختبار"))
A50: =IFERROR(VLOOKUP(B50,'جدول الجلسات التدريبية'!A:B,2,FALSE),"") | C50: =IFERROR(VLOOKUP(A50,'الخطة التدريبية المعتمدة'!A:C,3,FALSE),"") | D50: =IFERROR(VLOOKUP(B50,'جدول الجلسات التدريبية'!A:D,4,FALSE),"") | F50: =IFERROR(VLOOKUP(E50,'سجل الموظفين والكفاءة'!B:C,2,FALSE),"") | G50: =IFERROR(VLOOKUP(A50,'الخطة التدريبية المعتمدة'!A:J,10,FALSE),0) -> 0 | K50: =IF(OR(I50="",J50="",I50=0),"",(J50-I50)/I50) | L50: =IF(J50="","",IF(J50/10>='الإعدادات والمستهدفات'!B5,"ناجح ومستوفى","ضعيف - يلزم إعادة اختبار"))
A51: =IFERROR(VLOOKUP(B51,'جدول الجلسات التدريبية'!A:B,2,FALSE),"") | C51: =IFERROR(VLOOKUP(A51,'الخطة التدريبية المعتمدة'!A:C,3,FALSE),"") | D51: =IFERROR(VLOOKUP(B51,'جدول الجلسات التدريبية'!A:D,4,FALSE),"") | F51: =IFERROR(VLOOKUP(E51,'سجل الموظفين والكفاءة'!B:C,2,FALSE),"") | G51: =IFERROR(VLOOKUP(A51,'الخطة التدريبية المعتمدة'!A:J,10,FALSE),0) -> 0 | K51: =IF(OR(I51="",J51="",I51=0),"",(J51-I51)/I51) | L51: =IF(J51="","",IF(J51/10>='الإعدادات والمستهدفات'!B5,"ناجح ومستوفى","ضعيف - يلزم إعادة اختبار"))
A52: =IFERROR(VLOOKUP(B52,'جدول الجلسات التدريبية'!A:B,2,FALSE),"") | C52: =IFERROR(VLOOKUP(A52,'الخطة التدريبية المعتمدة'!A:C,3,FALSE),"") | D52: =IFERROR(VLOOKUP(B52,'جدول الجلسات التدريبية'!A:D,4,FALSE),"") | F52: =IFERROR(VLOOKUP(E52,'سجل الموظفين والكفاءة'!B:C,2,FALSE),"") | G52: =IFERROR(VLOOKUP(A52,'الخطة التدريبية المعتمدة'!A:J,10,FALSE),0) -> 0 | K52: =IF(OR(I52="",J52="",I52=0),"",(J52-I52)/I52) | L52: =IF(J52="","",IF(J52/10>='الإعدادات والمستهدفات'!B5,"ناجح ومستوفى","ضعيف - يلزم إعادة اختبار"))
A53: =IFERROR(VLOOKUP(B53,'جدول الجلسات التدريبية'!A:B,2,FALSE),"") | C53: =IFERROR(VLOOKUP(A53,'الخطة التدريبية المعتمدة'!A:C,3,FALSE),"") | D53: =IFERROR(VLOOKUP(B53,'جدول الجلسات التدريبية'!A:D,4,FALSE),"") | F53: =IFERROR(VLOOKUP(E53,'سجل الموظفين والكفاءة'!B:C,2,FALSE),"") | G53: =IFERROR(VLOOKUP(A53,'الخطة التدريبية المعتمدة'!A:J,10,FALSE),0) -> 0 | K53: =IF(OR(I53="",J53="",I53=0),"",(J53-I53)/I53) | L53: =IF(J53="","",IF(J53/10>='الإعدادات والمستهدفات'!B5,"ناجح ومستوفى","ضعيف - يلزم إعادة اختبار"))
A54: =IFERROR(VLOOKUP(B54,'جدول الجلسات التدريبية'!A:B,2,FALSE),"") | C54: =IFERROR(VLOOKUP(A54,'الخطة التدريبية المعتمدة'!A:C,3,FALSE),"") | D54: =IFERROR(VLOOKUP(B54,'جدول الجلسات التدريبية'!A:D,4,FALSE),"") | F54: =IFERROR(VLOOKUP(E54,'سجل الموظفين والكفاءة'!B:C,2,FALSE),"") | G54: =IFERROR(VLOOKUP(A54,'الخطة التدريبية المعتمدة'!A:J,10,FALSE),0) -> 0 | K54: =IF(OR(I54="",J54="",I54=0),"",(J54-I54)/I54) | L54: =IF(J54="","",IF(J54/10>='الإعدادات والمستهدفات'!B5,"ناجح ومستوفى","ضعيف - يلزم إعادة اختبار"))
A55: =IFERROR(VLOOKUP(B55,'جدول الجلسات التدريبية'!A:B,2,FALSE),"") | C55: =IFERROR(VLOOKUP(A55,'الخطة التدريبية المعتمدة'!A:C,3,FALSE),"") | D55: =IFERROR(VLOOKUP(B55,'جدول الجلسات التدريبية'!A:D,4,FALSE),"") | F55: =IFERROR(VLOOKUP(E55,'سجل الموظفين والكفاءة'!B:C,2,FALSE),"") | G55: =IFERROR(VLOOKUP(A55,'الخطة التدريبية المعتمدة'!A:J,10,FALSE),0) -> 0 | K55: =IF(OR(I55="",J55="",I55=0),"",(J55-I55)/I55) | L55: =IF(J55="","",IF(J55/10>='الإعدادات والمستهدفات'!B5,"ناجح ومستوفى","ضعيف - يلزم إعادة اختبار"))
A56: =IFERROR(VLOOKUP(B56,'جدول الجلسات التدريبية'!A:B,2,FALSE),"") | C56: =IFERROR(VLOOKUP(A56,'الخطة التدريبية المعتمدة'!A:C,3,FALSE),"") | D56: =IFERROR(VLOOKUP(B56,'جدول الجلسات التدريبية'!A:D,4,FALSE),"") | F56: =IFERROR(VLOOKUP(E56,'سجل الموظفين والكفاءة'!B:C,2,FALSE),"") | G56: =IFERROR(VLOOKUP(A56,'الخطة التدريبية المعتمدة'!A:J,10,FALSE),0) -> 0 | K56: =IF(OR(I56="",J56="",I56=0),"",(J56-I56)/I56) | L56: =IF(J56="","",IF(J56/10>='الإعدادات والمستهدفات'!B5,"ناجح ومستوفى","ضعيف - يلزم إعادة اختبار"))
A57: =IFERROR(VLOOKUP(B57,'جدول الجلسات التدريبية'!A:B,2,FALSE),"") | C57: =IFERROR(VLOOKUP(A57,'الخطة التدريبية المعتمدة'!A:C,3,FALSE),"") | D57: =IFERROR(VLOOKUP(B57,'جدول الجلسات التدريبية'!A:D,4,FALSE),"") | F57: =IFERROR(VLOOKUP(E57,'سجل الموظفين والكفاءة'!B:C,2,FALSE),"") | G57: =IFERROR(VLOOKUP(A57,'الخطة التدريبية المعتمدة'!A:J,10,FALSE),0) -> 0 | K57: =IF(OR(I57="",J57="",I57=0),"",(J57-I57)/I57) | L57: =IF(J57="","",IF(J57/10>='الإعدادات والمستهدفات'!B5,"ناجح ومستوفى","ضعيف - يلزم إعادة اختبار"))
A58: =IFERROR(VLOOKUP(B58,'جدول الجلسات التدريبية'!A:B,2,FALSE),"") | C58: =IFERROR(VLOOKUP(A58,'الخطة التدريبية المعتمدة'!A:C,3,FALSE),"") | D58: =IFERROR(VLOOKUP(B58,'جدول الجلسات التدريبية'!A:D,4,FALSE),"") | F58: =IFERROR(VLOOKUP(E58,'سجل الموظفين والكفاءة'!B:C,2,FALSE),"") | G58: =IFERROR(VLOOKUP(A58,'الخطة التدريبية المعتمدة'!A:J,10,FALSE),0) -> 0 | K58: =IF(OR(I58="",J58="",I58=0),"",(J58-I58)/I58) | L58: =IF(J58="","",IF(J58/10>='الإعدادات والمستهدفات'!B5,"ناجح ومستوفى","ضعيف - يلزم إعادة اختبار"))
A59: =IFERROR(VLOOKUP(B59,'جدول الجلسات التدريبية'!A:B,2,FALSE),"") | C59: =IFERROR(VLOOKUP(A59,'الخطة التدريبية المعتمدة'!A:C,3,FALSE),"") | D59: =IFERROR(VLOOKUP(B59,'جدول الجلسات التدريبية'!A:D,4,FALSE),"") | F59: =IFERROR(VLOOKUP(E59,'سجل الموظفين والكفاءة'!B:C,2,FALSE),"") | G59: =IFERROR(VLOOKUP(A59,'الخطة التدريبية المعتمدة'!A:J,10,FALSE),0) -> 0 | K59: =IF(OR(I59="",J59="",I59=0),"",(J59-I59)/I59) | L59: =IF(J59="","",IF(J59/10>='الإعدادات والمستهدفات'!B5,"ناجح ومستوفى","ضعيف - يلزم إعادة اختبار"))
A60: =IFERROR(VLOOKUP(B60,'جدول الجلسات التدريبية'!A:B,2,FALSE),"") | C60: =IFERROR(VLOOKUP(A60,'الخطة التدريبية المعتمدة'!A:C,3,FALSE),"") | D60: =IFERROR(VLOOKUP(B60,'جدول الجلسات التدريبية'!A:D,4,FALSE),"") | F60: =IFERROR(VLOOKUP(E60,'سجل الموظفين والكفاءة'!B:C,2,FALSE),"") | G60: =IFERROR(VLOOKUP(A60,'الخطة التدريبية المعتمدة'!A:J,10,FALSE),0) -> 0 | K60: =IF(OR(I60="",J60="",I60=0),"",(J60-I60)/I60) | L60: =IF(J60="","",IF(J60/10>='الإعدادات والمستهدفات'!B5,"ناجح ومستوفى","ضعيف - يلزم إعادة اختبار"))
A61: =IFERROR(VLOOKUP(B61,'جدول الجلسات التدريبية'!A:B,2,FALSE),"") | C61: =IFERROR(VLOOKUP(A61,'الخطة التدريبية المعتمدة'!A:C,3,FALSE),"") | D61: =IFERROR(VLOOKUP(B61,'جدول الجلسات التدريبية'!A:D,4,FALSE),"") | F61: =IFERROR(VLOOKUP(E61,'سجل الموظفين والكفاءة'!B:C,2,FALSE),"") | G61: =IFERROR(VLOOKUP(A61,'الخطة التدريبية المعتمدة'!A:J,10,FALSE),0) -> 0 | K61: =IF(OR(I61="",J61="",I61=0),"",(J61-I61)/I61) | L61: =IF(J61="","",IF(J61/10>='الإعدادات والمستهدفات'!B5,"ناجح ومستوفى","ضعيف - يلزم إعادة اختبار"))
A62: =IFERROR(VLOOKUP(B62,'جدول الجلسات التدريبية'!A:B,2,FALSE),"") | C62: =IFERROR(VLOOKUP(A62,'الخطة التدريبية المعتمدة'!A:C,3,FALSE),"") | D62: =IFERROR(VLOOKUP(B62,'جدول الجلسات التدريبية'!A:D,4,FALSE),"") | F62: =IFERROR(VLOOKUP(E62,'سجل الموظفين والكفاءة'!B:C,2,FALSE),"") | G62: =IFERROR(VLOOKUP(A62,'الخطة التدريبية المعتمدة'!A:J,10,FALSE),0) -> 0 | K62: =IF(OR(I62="",J62="",I62=0),"",(J62-I62)/I62) | L62: =IF(J62="","",IF(J62/10>='الإعدادات والمستهدفات'!B5,"ناجح ومستوفى","ضعيف - يلزم إعادة اختبار"))
A63: =IFERROR(VLOOKUP(B63,'جدول الجلسات التدريبية'!A:B,2,FALSE),"") | C63: =IFERROR(VLOOKUP(A63,'الخطة التدريبية المعتمدة'!A:C,3,FALSE),"") | D63: =IFERROR(VLOOKUP(B63,'جدول الجلسات التدريبية'!A:D,4,FALSE),"") | F63: =IFERROR(VLOOKUP(E63,'سجل الموظفين والكفاءة'!B:C,2,FALSE),"") | G63: =IFERROR(VLOOKUP(A63,'الخطة التدريبية المعتمدة'!A:J,10,FALSE),0) -> 0 | K63: =IF(OR(I63="",J63="",I63=0),"",(J63-I63)/I63) | L63: =IF(J63="","",IF(J63/10>='الإعدادات والمستهدفات'!B5,"ناجح ومستوفى","ضعيف - يلزم إعادة اختبار"))
A64: =IFERROR(VLOOKUP(B64,'جدول الجلسات التدريبية'!A:B,2,FALSE),"") | C64: =IFERROR(VLOOKUP(A64,'الخطة التدريبية المعتمدة'!A:C,3,FALSE),"") | D64: =IFERROR(VLOOKUP(B64,'جدول الجلسات التدريبية'!A:D,4,FALSE),"") | F64: =IFERROR(VLOOKUP(E64,'سجل الموظفين والكفاءة'!B:C,2,FALSE),"") | G64: =IFERROR(VLOOKUP(A64,'الخطة التدريبية المعتمدة'!A:J,10,FALSE),0) -> 0 | K64: =IF(OR(I64="",J64="",I64=0),"",(J64-I64)/I64) | L64: =IF(J64="","",IF(J64/10>='الإعدادات والمستهدفات'!B5,"ناجح ومستوفى","ضعيف - يلزم إعادة اختبار"))
A65: =IFERROR(VLOOKUP(B65,'جدول الجلسات التدريبية'!A:B,2,FALSE),"") | C65: =IFERROR(VLOOKUP(A65,'الخطة التدريبية المعتمدة'!A:C,3,FALSE),"") | D65: =IFERROR(VLOOKUP(B65,'جدول الجلسات التدريبية'!A:D,4,FALSE),"") | F65: =IFERROR(VLOOKUP(E65,'سجل الموظفين والكفاءة'!B:C,2,FALSE),"") | G65: =IFERROR(VLOOKUP(A65,'الخطة التدريبية المعتمدة'!A:J,10,FALSE),0) -> 0 | K65: =IF(OR(I65="",J65="",I65=0),"",(J65-I65)/I65) | L65: =IF(J65="","",IF(J65/10>='الإعدادات والمستهدفات'!B5,"ناجح ومستوفى","ضعيف - يلزم إعادة اختبار"))
A66: =IFERROR(VLOOKUP(B66,'جدول الجلسات التدريبية'!A:B,2,FALSE),"") | C66: =IFERROR(VLOOKUP(A66,'الخطة التدريبية المعتمدة'!A:C,3,FALSE),"") | D66: =IFERROR(VLOOKUP(B66,'جدول الجلسات التدريبية'!A:D,4,FALSE),"") | F66: =IFERROR(VLOOKUP(E66,'سجل الموظفين والكفاءة'!B:C,2,FALSE),"") | G66: =IFERROR(VLOOKUP(A66,'الخطة التدريبية المعتمدة'!A:J,10,FALSE),0) -> 0 | K66: =IF(OR(I66="",J66="",I66=0),"",(J66-I66)/I66) | L66: =IF(J66="","",IF(J66/10>='الإعدادات والمستهدفات'!B5,"ناجح ومستوفى","ضعيف - يلزم إعادة اختبار"))
A67: =IFERROR(VLOOKUP(B67,'جدول الجلسات التدريبية'!A:B,2,FALSE),"") | C67: =IFERROR(VLOOKUP(A67,'الخطة التدريبية المعتمدة'!A:C,3,FALSE),"") | D67: =IFERROR(VLOOKUP(B67,'جدول الجلسات التدريبية'!A:D,4,FALSE),"") | F67: =IFERROR(VLOOKUP(E67,'سجل الموظفين والكفاءة'!B:C,2,FALSE),"") | G67: =IFERROR(VLOOKUP(A67,'الخطة التدريبية المعتمدة'!A:J,10,FALSE),0) -> 0 | K67: =IF(OR(I67="",J67="",I67=0),"",(J67-I67)/I67) | L67: =IF(J67="","",IF(J67/10>='الإعدادات والمستهدفات'!B5,"ناجح ومستوفى","ضعيف - يلزم إعادة اختبار"))
A68: =IFERROR(VLOOKUP(B68,'جدول الجلسات التدريبية'!A:B,2,FALSE),"") | C68: =IFERROR(VLOOKUP(A68,'الخطة التدريبية المعتمدة'!A:C,3,FALSE),"") | D68: =IFERROR(VLOOKUP(B68,'جدول الجلسات التدريبية'!A:D,4,FALSE),"") | F68: =IFERROR(VLOOKUP(E68,'سجل الموظفين والكفاءة'!B:C,2,FALSE),"") | G68: =IFERROR(VLOOKUP(A68,'الخطة التدريبية المعتمدة'!A:J,10,FALSE),0) -> 0 | K68: =IF(OR(I68="",J68="",I68=0),"",(J68-I68)/I68) | L68: =IF(J68="","",IF(J68/10>='الإعدادات والمستهدفات'!B5,"ناجح ومستوفى","ضعيف - يلزم إعادة اختبار"))
A69: =IFERROR(VLOOKUP(B69,'جدول الجلسات التدريبية'!A:B,2,FALSE),"") | C69: =IFERROR(VLOOKUP(A69,'الخطة التدريبية المعتمدة'!A:C,3,FALSE),"") | D69: =IFERROR(VLOOKUP(B69,'جدول الجلسات التدريبية'!A:D,4,FALSE),"") | F69: =IFERROR(VLOOKUP(E69,'سجل الموظفين والكفاءة'!B:C,2,FALSE),"") | G69: =IFERROR(VLOOKUP(A69,'الخطة التدريبية المعتمدة'!A:J,10,FALSE),0) -> 0 | K69: =IF(OR(I69="",J69="",I69=0),"",(J69-I69)/I69) | L69: =IF(J69="","",IF(J69/10>='الإعدادات والمستهدفات'!B5,"ناجح ومستوفى","ضعيف - يلزم إعادة اختبار"))
A70: =IFERROR(VLOOKUP(B70,'جدول الجلسات التدريبية'!A:B,2,FALSE),"") | C70: =IFERROR(VLOOKUP(A70,'الخطة التدريبية المعتمدة'!A:C,3,FALSE),"") | D70: =IFERROR(VLOOKUP(B70,'جدول الجلسات التدريبية'!A:D,4,FALSE),"") | F70: =IFERROR(VLOOKUP(E70,'سجل الموظفين والكفاءة'!B:C,2,FALSE),"") | G70: =IFERROR(VLOOKUP(A70,'الخطة التدريبية المعتمدة'!A:J,10,FALSE),0) -> 0 | K70: =IF(OR(I70="",J70="",I70=0),"",(J70-I70)/I70) | L70: =IF(J70="","",IF(J70/10>='الإعدادات والمستهدفات'!B5,"ناجح ومستوفى","ضعيف - يلزم إعادة اختبار"))
A71: =IFERROR(VLOOKUP(B71,'جدول الجلسات التدريبية'!A:B,2,FALSE),"") | C71: =IFERROR(VLOOKUP(A71,'الخطة التدريبية المعتمدة'!A:C,3,FALSE),"") | D71: =IFERROR(VLOOKUP(B71,'جدول الجلسات التدريبية'!A:D,4,FALSE),"") | F71: =IFERROR(VLOOKUP(E71,'سجل الموظفين والكفاءة'!B:C,2,FALSE),"") | G71: =IFERROR(VLOOKUP(A71,'الخطة التدريبية المعتمدة'!A:J,10,FALSE),0) -> 0 | K71: =IF(OR(I71="",J71="",I71=0),"",(J71-I71)/I71) | L71: =IF(J71="","",IF(J71/10>='الإعدادات والمستهدفات'!B5,"ناجح ومستوفى","ضعيف - يلزم إعادة اختبار"))
A72: =IFERROR(VLOOKUP(B72,'جدول الجلسات التدريبية'!A:B,2,FALSE),"") | C72: =IFERROR(VLOOKUP(A72,'الخطة التدريبية المعتمدة'!A:C,3,FALSE),"") | D72: =IFERROR(VLOOKUP(B72,'جدول الجلسات التدريبية'!A:D,4,FALSE),"") | F72: =IFERROR(VLOOKUP(E72,'سجل الموظفين والكفاءة'!B:C,2,FALSE),"") | G72: =IFERROR(VLOOKUP(A72,'الخطة التدريبية المعتمدة'!A:J,10,FALSE),0) -> 0 | K72: =IF(OR(I72="",J72="",I72=0),"",(J72-I72)/I72) | L72: =IF(J72="","",IF(J72/10>='الإعدادات والمستهدفات'!B5,"ناجح ومستوفى","ضعيف - يلزم إعادة اختبار"))
A73: =IFERROR(VLOOKUP(B73,'جدول الجلسات التدريبية'!A:B,2,FALSE),"") | C73: =IFERROR(VLOOKUP(A73,'الخطة التدريبية المعتمدة'!A:C,3,FALSE),"") | D73: =IFERROR(VLOOKUP(B73,'جدول الجلسات التدريبية'!A:D,4,FALSE),"") | F73: =IFERROR(VLOOKUP(E73,'سجل الموظفين والكفاءة'!B:C,2,FALSE),"") | G73: =IFERROR(VLOOKUP(A73,'الخطة التدريبية المعتمدة'!A:J,10,FALSE),0) -> 0 | K73: =IF(OR(I73="",J73="",I73=0),"",(J73-I73)/I73) | L73: =IF(J73="","",IF(J73/10>='الإعدادات والمستهدفات'!B5,"ناجح ومستوفى","ضعيف - يلزم إعادة اختبار"))
A74: =IFERROR(VLOOKUP(B74,'جدول الجلسات التدريبية'!A:B,2,FALSE),"") | C74: =IFERROR(VLOOKUP(A74,'الخطة التدريبية المعتمدة'!A:C,3,FALSE),"") | D74: =IFERROR(VLOOKUP(B74,'جدول الجلسات التدريبية'!A:D,4,FALSE),"") | F74: =IFERROR(VLOOKUP(E74,'سجل الموظفين والكفاءة'!B:C,2,FALSE),"") | G74: =IFERROR(VLOOKUP(A74,'الخطة التدريبية المعتمدة'!A:J,10,FALSE),0) -> 0 | K74: =IF(OR(I74="",J74="",I74=0),"",(J74-I74)/I74) | L74: =IF(J74="","",IF(J74/10>='الإعدادات والمستهدفات'!B5,"ناجح ومستوفى","ضعيف - يلزم إعادة اختبار"))
A75: =IFERROR(VLOOKUP(B75,'جدول الجلسات التدريبية'!A:B,2,FALSE),"") | C75: =IFERROR(VLOOKUP(A75,'الخطة التدريبية المعتمدة'!A:C,3,FALSE),"") | D75: =IFERROR(VLOOKUP(B75,'جدول الجلسات التدريبية'!A:D,4,FALSE),"") | F75: =IFERROR(VLOOKUP(E75,'سجل الموظفين والكفاءة'!B:C,2,FALSE),"") | G75: =IFERROR(VLOOKUP(A75,'الخطة التدريبية المعتمدة'!A:J,10,FALSE),0) -> 0 | K75: =IF(OR(I75="",J75="",I75=0),"",(J75-I75)/I75) | L75: =IF(J75="","",IF(J75/10>='الإعدادات والمستهدفات'!B5,"ناجح ومستوفى","ضعيف - يلزم إعادة اختبار"))
A76: =IFERROR(VLOOKUP(B76,'جدول الجلسات التدريبية'!A:B,2,FALSE),"") | C76: =IFERROR(VLOOKUP(A76,'الخطة التدريبية المعتمدة'!A:C,3,FALSE),"") | D76: =IFERROR(VLOOKUP(B76,'جدول الجلسات التدريبية'!A:D,4,FALSE),"") | F76: =IFERROR(VLOOKUP(E76,'سجل الموظفين والكفاءة'!B:C,2,FALSE),"") | G76: =IFERROR(VLOOKUP(A76,'الخطة التدريبية المعتمدة'!A:J,10,FALSE),0) -> 0 | K76: =IF(OR(I76="",J76="",I76=0),"",(J76-I76)/I76) | L76: =IF(J76="","",IF(J76/10>='الإعدادات والمستهدفات'!B5,"ناجح ومستوفى","ضعيف - يلزم إعادة اختبار"))
A77: =IFERROR(VLOOKUP(B77,'جدول الجلسات التدريبية'!A:B,2,FALSE),"") | C77: =IFERROR(VLOOKUP(A77,'الخطة التدريبية المعتمدة'!A:C,3,FALSE),"") | D77: =IFERROR(VLOOKUP(B77,'جدول الجلسات التدريبية'!A:D,4,FALSE),"") | F77: =IFERROR(VLOOKUP(E77,'سجل الموظفين والكفاءة'!B:C,2,FALSE),"") | G77: =IFERROR(VLOOKUP(A77,'الخطة التدريبية المعتمدة'!A:J,10,FALSE),0) -> 0 | K77: =IF(OR(I77="",J77="",I77=0),"",(J77-I77)/I77) | L77: =IF(J77="","",IF(J77/10>='الإعدادات والمستهدفات'!B5,"ناجح ومستوفى","ضعيف - يلزم إعادة اختبار"))
A78: =IFERROR(VLOOKUP(B78,'جدول الجلسات التدريبية'!A:B,2,FALSE),"") | C78: =IFERROR(VLOOKUP(A78,'الخطة التدريبية المعتمدة'!A:C,3,FALSE),"") | D78: =IFERROR(VLOOKUP(B78,'جدول الجلسات التدريبية'!A:D,4,FALSE),"") | F78: =IFERROR(VLOOKUP(E78,'سجل الموظفين والكفاءة'!B:C,2,FALSE),"") | G78: =IFERROR(VLOOKUP(A78,'الخطة التدريبية المعتمدة'!A:J,10,FALSE),0) -> 0 | K78: =IF(OR(I78="",J78="",I78=0),"",(J78-I78)/I78) | L78: =IF(J78="","",IF(J78/10>='الإعدادات والمستهدفات'!B5,"ناجح ومستوفى","ضعيف - يلزم إعادة اختبار"))
A79: =IFERROR(VLOOKUP(B79,'جدول الجلسات التدريبية'!A:B,2,FALSE),"") | C79: =IFERROR(VLOOKUP(A79,'الخطة التدريبية المعتمدة'!A:C,3,FALSE),"") | D79: =IFERROR(VLOOKUP(B79,'جدول الجلسات التدريبية'!A:D,4,FALSE),"") | F79: =IFERROR(VLOOKUP(E79,'سجل الموظفين والكفاءة'!B:C,2,FALSE),"") | G79: =IFERROR(VLOOKUP(A79,'الخطة التدريبية المعتمدة'!A:J,10,FALSE),0) -> 0 | K79: =IF(OR(I79="",J79="",I79=0),"",(J79-I79)/I79) | L79: =IF(J79="","",IF(J79/10>='الإعدادات والمستهدفات'!B5,"ناجح ومستوفى","ضعيف - يلزم إعادة اختبار"))
A80: =IFERROR(VLOOKUP(B80,'جدول الجلسات التدريبية'!A:B,2,FALSE),"") | C80: =IFERROR(VLOOKUP(A80,'الخطة التدريبية المعتمدة'!A:C,3,FALSE),"") | D80: =IFERROR(VLOOKUP(B80,'جدول الجلسات التدريبية'!A:D,4,FALSE),"") | F80: =IFERROR(VLOOKUP(E80,'سجل الموظفين والكفاءة'!B:C,2,FALSE),"") | G80: =IFERROR(VLOOKUP(A80,'الخطة التدريبية المعتمدة'!A:J,10,FALSE),0) -> 0 | K80: =IF(OR(I80="",J80="",I80=0),"",(J80-I80)/I80) | L80: =IF(J80="","",IF(J80/10>='الإعدادات والمستهدفات'!B5,"ناجح ومستوفى","ضعيف - يلزم إعادة اختبار"))
A81: =IFERROR(VLOOKUP(B81,'جدول الجلسات التدريبية'!A:B,2,FALSE),"") | C81: =IFERROR(VLOOKUP(A81,'الخطة التدريبية المعتمدة'!A:C,3,FALSE),"") | D81: =IFERROR(VLOOKUP(B81,'جدول الجلسات التدريبية'!A:D,4,FALSE),"") | F81: =IFERROR(VLOOKUP(E81,'سجل الموظفين والكفاءة'!B:C,2,FALSE),"") | G81: =IFERROR(VLOOKUP(A81,'الخطة التدريبية المعتمدة'!A:J,10,FALSE),0) -> 0 | K81: =IF(OR(I81="",J81="",I81=0),"",(J81-I81)/I81) | L81: =IF(J81="","",IF(J81/10>='الإعدادات والمستهدفات'!B5,"ناجح ومستوفى","ضعيف - يلزم إعادة اختبار"))
A82: =IFERROR(VLOOKUP(B82,'جدول الجلسات التدريبية'!A:B,2,FALSE),"") | C82: =IFERROR(VLOOKUP(A82,'الخطة التدريبية المعتمدة'!A:C,3,FALSE),"") | D82: =IFERROR(VLOOKUP(B82,'جدول الجلسات التدريبية'!A:D,4,FALSE),"") | F82: =IFERROR(VLOOKUP(E82,'سجل الموظفين والكفاءة'!B:C,2,FALSE),"") | G82: =IFERROR(VLOOKUP(A82,'الخطة التدريبية المعتمدة'!A:J,10,FALSE),0) -> 0 | K82: =IF(OR(I82="",J82="",I82=0),"",(J82-I82)/I82) | L82: =IF(J82="","",IF(J82/10>='الإعدادات والمستهدفات'!B5,"ناجح ومستوفى","ضعيف - يلزم إعادة اختبار"))
A83: =IFERROR(VLOOKUP(B83,'جدول الجلسات التدريبية'!A:B,2,FALSE),"") | C83: =IFERROR(VLOOKUP(A83,'الخطة التدريبية المعتمدة'!A:C,3,FALSE),"") | D83: =IFERROR(VLOOKUP(B83,'جدول الجلسات التدريبية'!A:D,4,FALSE),"") | F83: =IFERROR(VLOOKUP(E83,'سجل الموظفين والكفاءة'!B:C,2,FALSE),"") | G83: =IFERROR(VLOOKUP(A83,'الخطة التدريبية المعتمدة'!A:J,10,FALSE),0) -> 0 | K83: =IF(OR(I83="",J83="",I83=0),"",(J83-I83)/I83) | L83: =IF(J83="","",IF(J83/10>='الإعدادات والمستهدفات'!B5,"ناجح ومستوفى","ضعيف - يلزم إعادة اختبار"))
A84: =IFERROR(VLOOKUP(B84,'جدول الجلسات التدريبية'!A:B,2,FALSE),"") | C84: =IFERROR(VLOOKUP(A84,'الخطة التدريبية المعتمدة'!A:C,3,FALSE),"") | D84: =IFERROR(VLOOKUP(B84,'جدول الجلسات التدريبية'!A:D,4,FALSE),"") | F84: =IFERROR(VLOOKUP(E84,'سجل الموظفين والكفاءة'!B:C,2,FALSE),"") | G84: =IFERROR(VLOOKUP(A84,'الخطة التدريبية المعتمدة'!A:J,10,FALSE),0) -> 0 | K84: =IF(OR(I84="",J84="",I84=0),"",(J84-I84)/I84) | L84: =IF(J84="","",IF(J84/10>='الإعدادات والمستهدفات'!B5,"ناجح ومستوفى","ضعيف - يلزم إعادة اختبار"))
A85: =IFERROR(VLOOKUP(B85,'جدول الجلسات التدريبية'!A:B,2,FALSE),"") | C85: =IFERROR(VLOOKUP(A85,'الخطة التدريبية المعتمدة'!A:C,3,FALSE),"") | D85: =IFERROR(VLOOKUP(B85,'جدول الجلسات التدريبية'!A:D,4,FALSE),"") | F85: =IFERROR(VLOOKUP(E85,'سجل الموظفين والكفاءة'!B:C,2,FALSE),"") | G85: =IFERROR(VLOOKUP(A85,'الخطة التدريبية المعتمدة'!A:J,10,FALSE),0) -> 0 | K85: =IF(OR(I85="",J85="",I85=0),"",(J85-I85)/I85) | L85: =IF(J85="","",IF(J85/10>='الإعدادات والمستهدفات'!B5,"ناجح ومستوفى","ضعيف - يلزم إعادة اختبار"))
A86: =IFERROR(VLOOKUP(B86,'جدول الجلسات التدريبية'!A:B,2,FALSE),"") | C86: =IFERROR(VLOOKUP(A86,'الخطة التدريبية المعتمدة'!A:C,3,FALSE),"") | D86: =IFERROR(VLOOKUP(B86,'جدول الجلسات التدريبية'!A:D,4,FALSE),"") | F86: =IFERROR(VLOOKUP(E86,'سجل الموظفين والكفاءة'!B:C,2,FALSE),"") | G86: =IFERROR(VLOOKUP(A86,'الخطة التدريبية المعتمدة'!A:J,10,FALSE),0) -> 0 | K86: =IF(OR(I86="",J86="",I86=0),"",(J86-I86)/I86) | L86: =IF(J86="","",IF(J86/10>='الإعدادات والمستهدفات'!B5,"ناجح ومستوفى","ضعيف - يلزم إعادة اختبار"))
A87: =IFERROR(VLOOKUP(B87,'جدول الجلسات التدريبية'!A:B,2,FALSE),"") | C87: =IFERROR(VLOOKUP(A87,'الخطة التدريبية المعتمدة'!A:C,3,FALSE),"") | D87: =IFERROR(VLOOKUP(B87,'جدول الجلسات التدريبية'!A:D,4,FALSE),"") | F87: =IFERROR(VLOOKUP(E87,'سجل الموظفين والكفاءة'!B:C,2,FALSE),"") | G87: =IFERROR(VLOOKUP(A87,'الخطة التدريبية المعتمدة'!A:J,10,FALSE),0) -> 0 | K87: =IF(OR(I87="",J87="",I87=0),"",(J87-I87)/I87) | L87: =IF(J87="","",IF(J87/10>='الإعدادات والمستهدفات'!B5,"ناجح ومستوفى","ضعيف - يلزم إعادة اختبار"))
A88: =IFERROR(VLOOKUP(B88,'جدول الجلسات التدريبية'!A:B,2,FALSE),"") | C88: =IFERROR(VLOOKUP(A88,'الخطة التدريبية المعتمدة'!A:C,3,FALSE),"") | D88: =IFERROR(VLOOKUP(B88,'جدول الجلسات التدريبية'!A:D,4,FALSE),"") | F88: =IFERROR(VLOOKUP(E88,'سجل الموظفين والكفاءة'!B:C,2,FALSE),"") | G88: =IFERROR(VLOOKUP(A88,'الخطة التدريبية المعتمدة'!A:J,10,FALSE),0) -> 0 | K88: =IF(OR(I88="",J88="",I88=0),"",(J88-I88)/I88) | L88: =IF(J88="","",IF(J88/10>='الإعدادات والمستهدفات'!B5,"ناجح ومستوفى","ضعيف - يلزم إعادة اختبار"))
A89: =IFERROR(VLOOKUP(B89,'جدول الجلسات التدريبية'!A:B,2,FALSE),"") | C89: =IFERROR(VLOOKUP(A89,'الخطة التدريبية المعتمدة'!A:C,3,FALSE),"") | D89: =IFERROR(VLOOKUP(B89,'جدول الجلسات التدريبية'!A:D,4,FALSE),"") | F89: =IFERROR(VLOOKUP(E89,'سجل الموظفين والكفاءة'!B:C,2,FALSE),"") | G89: =IFERROR(VLOOKUP(A89,'الخطة التدريبية المعتمدة'!A:J,10,FALSE),0) -> 0 | K89: =IF(OR(I89="",J89="",I89=0),"",(J89-I89)/I89) | L89: =IF(J89="","",IF(J89/10>='الإعدادات والمستهدفات'!B5,"ناجح ومستوفى","ضعيف - يلزم إعادة اختبار"))
A90: =IFERROR(VLOOKUP(B90,'جدول الجلسات التدريبية'!A:B,2,FALSE),"") | C90: =IFERROR(VLOOKUP(A90,'الخطة التدريبية المعتمدة'!A:C,3,FALSE),"") | D90: =IFERROR(VLOOKUP(B90,'جدول الجلسات التدريبية'!A:D,4,FALSE),"") | F90: =IFERROR(VLOOKUP(E90,'سجل الموظفين والكفاءة'!B:C,2,FALSE),"") | G90: =IFERROR(VLOOKUP(A90,'الخطة التدريبية المعتمدة'!A:J,10,FALSE),0) -> 0 | K90: =IF(OR(I90="",J90="",I90=0),"",(J90-I90)/I90) | L90: =IF(J90="","",IF(J90/10>='الإعدادات والمستهدفات'!B5,"ناجح ومستوفى","ضعيف - يلزم إعادة اختبار"))
A91: =IFERROR(VLOOKUP(B91,'جدول الجلسات التدريبية'!A:B,2,FALSE),"") | C91: =IFERROR(VLOOKUP(A91,'الخطة التدريبية المعتمدة'!A:C,3,FALSE),"") | D91: =IFERROR(VLOOKUP(B91,'جدول الجلسات التدريبية'!A:D,4,FALSE),"") | F91: =IFERROR(VLOOKUP(E91,'سجل الموظفين والكفاءة'!B:C,2,FALSE),"") | G91: =IFERROR(VLOOKUP(A91,'الخطة التدريبية المعتمدة'!A:J,10,FALSE),0) -> 0 | K91: =IF(OR(I91="",J91="",I91=0),"",(J91-I91)/I91) | L91: =IF(J91="","",IF(J91/10>='الإعدادات والمستهدفات'!B5,"ناجح ومستوفى","ضعيف - يلزم إعادة اختبار"))
A92: =IFERROR(VLOOKUP(B92,'جدول الجلسات التدريبية'!A:B,2,FALSE),"") | C92: =IFERROR(VLOOKUP(A92,'الخطة التدريبية المعتمدة'!A:C,3,FALSE),"") | D92: =IFERROR(VLOOKUP(B92,'جدول الجلسات التدريبية'!A:D,4,FALSE),"") | F92: =IFERROR(VLOOKUP(E92,'سجل الموظفين والكفاءة'!B:C,2,FALSE),"") | G92: =IFERROR(VLOOKUP(A92,'الخطة التدريبية المعتمدة'!A:J,10,FALSE),0) -> 0 | K92: =IF(OR(I92="",J92="",I92=0),"",(J92-I92)/I92) | L92: =IF(J92="","",IF(J92/10>='الإعدادات والمستهدفات'!B5,"ناجح ومستوفى","ضعيف - يلزم إعادة اختبار"))
A93: =IFERROR(VLOOKUP(B93,'جدول الجلسات التدريبية'!A:B,2,FALSE),"") | C93: =IFERROR(VLOOKUP(A93,'الخطة التدريبية المعتمدة'!A:C,3,FALSE),"") | D93: =IFERROR(VLOOKUP(B93,'جدول الجلسات التدريبية'!A:D,4,FALSE),"") | F93: =IFERROR(VLOOKUP(E93,'سجل الموظفين والكفاءة'!B:C,2,FALSE),"") | G93: =IFERROR(VLOOKUP(A93,'الخطة التدريبية المعتمدة'!A:J,10,FALSE),0) -> 0 | K93: =IF(OR(I93="",J93="",I93=0),"",(J93-I93)/I93) | L93: =IF(J93="","",IF(J93/10>='الإعدادات والمستهدفات'!B5,"ناجح ومستوفى","ضعيف - يلزم إعادة اختبار"))
A94: =IFERROR(VLOOKUP(B94,'جدول الجلسات التدريبية'!A:B,2,FALSE),"") | C94: =IFERROR(VLOOKUP(A94,'الخطة التدريبية المعتمدة'!A:C,3,FALSE),"") | D94: =IFERROR(VLOOKUP(B94,'جدول الجلسات التدريبية'!A:D,4,FALSE),"") | F94: =IFERROR(VLOOKUP(E94,'سجل الموظفين والكفاءة'!B:C,2,FALSE),"") | G94: =IFERROR(VLOOKUP(A94,'الخطة التدريبية المعتمدة'!A:J,10,FALSE),0) -> 0 | K94: =IF(OR(I94="",J94="",I94=0),"",(J94-I94)/I94) | L94: =IF(J94="","",IF(J94/10>='الإعدادات والمستهدفات'!B5,"ناجح ومستوفى","ضعيف - يلزم إعادة اختبار"))
A95: =IFERROR(VLOOKUP(B95,'جدول الجلسات التدريبية'!A:B,2,FALSE),"") | C95: =IFERROR(VLOOKUP(A95,'الخطة التدريبية المعتمدة'!A:C,3,FALSE),"") | D95: =IFERROR(VLOOKUP(B95,'جدول الجلسات التدريبية'!A:D,4,FALSE),"") | F95: =IFERROR(VLOOKUP(E95,'سجل الموظفين والكفاءة'!B:C,2,FALSE),"") | G95: =IFERROR(VLOOKUP(A95,'الخطة التدريبية المعتمدة'!A:J,10,FALSE),0) -> 0 | K95: =IF(OR(I95="",J95="",I95=0),"",(J95-I95)/I95) | L95: =IF(J95="","",IF(J95/10>='الإعدادات والمستهدفات'!B5,"ناجح ومستوفى","ضعيف - يلزم إعادة اختبار"))
A96: =IFERROR(VLOOKUP(B96,'جدول الجلسات التدريبية'!A:B,2,FALSE),"") | C96: =IFERROR(VLOOKUP(A96,'الخطة التدريبية المعتمدة'!A:C,3,FALSE),"") | D96: =IFERROR(VLOOKUP(B96,'جدول الجلسات التدريبية'!A:D,4,FALSE),"") | F96: =IFERROR(VLOOKUP(E96,'سجل الموظفين والكفاءة'!B:C,2,FALSE),"") | G96: =IFERROR(VLOOKUP(A96,'الخطة التدريبية المعتمدة'!A:J,10,FALSE),0) -> 0 | K96: =IF(OR(I96="",J96="",I96=0),"",(J96-I96)/I96) | L96: =IF(J96="","",IF(J96/10>='الإعدادات والمستهدفات'!B5,"ناجح ومستوفى","ضعيف - يلزم إعادة اختبار"))
A97: =IFERROR(VLOOKUP(B97,'جدول الجلسات التدريبية'!A:B,2,FALSE),"") | C97: =IFERROR(VLOOKUP(A97,'الخطة التدريبية المعتمدة'!A:C,3,FALSE),"") | D97: =IFERROR(VLOOKUP(B97,'جدول الجلسات التدريبية'!A:D,4,FALSE),"") | F97: =IFERROR(VLOOKUP(E97,'سجل الموظفين والكفاءة'!B:C,2,FALSE),"") | G97: =IFERROR(VLOOKUP(A97,'الخطة التدريبية المعتمدة'!A:J,10,FALSE),0) -> 0 | K97: =IF(OR(I97="",J97="",I97=0),"",(J97-I97)/I97) | L97: =IF(J97="","",IF(J97/10>='الإعدادات والمستهدفات'!B5,"ناجح ومستوفى","ضعيف - يلزم إعادة اختبار"))
A98: =IFERROR(VLOOKUP(B98,'جدول الجلسات التدريبية'!A:B,2,FALSE),"") | C98: =IFERROR(VLOOKUP(A98,'الخطة التدريبية المعتمدة'!A:C,3,FALSE),"") | D98: =IFERROR(VLOOKUP(B98,'جدول الجلسات التدريبية'!A:D,4,FALSE),"") | F98: =IFERROR(VLOOKUP(E98,'سجل الموظفين والكفاءة'!B:C,2,FALSE),"") | G98: =IFERROR(VLOOKUP(A98,'الخطة التدريبية المعتمدة'!A:J,10,FALSE),0) -> 0 | K98: =IF(OR(I98="",J98="",I98=0),"",(J98-I98)/I98) | L98: =IF(J98="","",IF(J98/10>='الإعدادات والمستهدفات'!B5,"ناجح ومستوفى","ضعيف - يلزم إعادة اختبار"))
A99: =IFERROR(VLOOKUP(B99,'جدول الجلسات التدريبية'!A:B,2,FALSE),"") | C99: =IFERROR(VLOOKUP(A99,'الخطة التدريبية المعتمدة'!A:C,3,FALSE),"") | D99: =IFERROR(VLOOKUP(B99,'جدول الجلسات التدريبية'!A:D,4,FALSE),"") | F99: =IFERROR(VLOOKUP(E99,'سجل الموظفين والكفاءة'!B:C,2,FALSE),"") | G99: =IFERROR(VLOOKUP(A99,'الخطة التدريبية المعتمدة'!A:J,10,FALSE),0) -> 0 | K99: =IF(OR(I99="",J99="",I99=0),"",(J99-I99)/I99) | L99: =IF(J99="","",IF(J99/10>='الإعدادات والمستهدفات'!B5,"ناجح ومستوفى","ضعيف - يلزم إعادة اختبار"))
A100: =IFERROR(VLOOKUP(B100,'جدول الجلسات التدريبية'!A:B,2,FALSE),"") | C100: =IFERROR(VLOOKUP(A100,'الخطة التدريبية المعتمدة'!A:C,3,FALSE),"") | D100: =IFERROR(VLOOKUP(B100,'جدول الجلسات التدريبية'!A:D,4,FALSE),"") | F100: =IFERROR(VLOOKUP(E100,'سجل الموظفين والكفاءة'!B:C,2,FALSE),"") | G100: =IFERROR(VLOOKUP(A100,'الخطة التدريبية المعتمدة'!A:J,10,FALSE),0) -> 0 | K100: =IF(OR(I100="",J100="",I100=0),"",(J100-I100)/I100) | L100: =IF(J100="","",IF(J100/10>='الإعدادات والمستهدفات'!B5,"ناجح ومستوفى","ضعيف - يلزم إعادة اختبار"))
A101: =IFERROR(VLOOKUP(B101,'جدول الجلسات التدريبية'!A:B,2,FALSE),"") | C101: =IFERROR(VLOOKUP(A101,'الخطة التدريبية المعتمدة'!A:C,3,FALSE),"") | D101: =IFERROR(VLOOKUP(B101,'جدول الجلسات التدريبية'!A:D,4,FALSE),"") | F101: =IFERROR(VLOOKUP(E101,'سجل الموظفين والكفاءة'!B:C,2,FALSE),"") | G101: =IFERROR(VLOOKUP(A101,'الخطة التدريبية المعتمدة'!A:J,10,FALSE),0) -> 0 | K101: =IF(OR(I101="",J101="",I101=0),"",(J101-I101)/I101) | L101: =IF(J101="","",IF(J101/10>='الإعدادات والمستهدفات'!B5,"ناجح ومستوفى","ضعيف - يلزم إعادة اختبار"))
...

Sheet جدول الجلسات التدريبية
A1: سجل الجلسات المنفذة والمفتوحة - الكود المستقل للجلسة
A3: كود الجلسة | B3: كود البرنامج | C3: اسم البرنامج التدريبي | D3: تاريخ الجلسة | E3: الوقت والمكان | F3: المدرب المسؤول | G3: السعة القسوى | H3: عدد الحضور الفعلي | I3: نسبة الحضور % | J3: حالة الجلسة | K3: ملاحظات التنفيذ
A4: SES-2026-01 | B4: PSY-OR-01 | C4: =IFERROR(VLOOKUP(B4,'الخطة التدريبية المعتمدة'!A:C,3,FALSE),"") -> البرنامج التعريفي الشامل للموظفين الجدد (WFM.05) | D4: 46037 | E4: قاعة التدريب الرئيسية | F4: إدارة الموارد البشرية | G4: 25 | H4: =IF(A4="","",COUNTIFS('[2]سجل الحضور والتنفيذ'!B:B,A4,'[2]سجل الحضور والتنفيذ'!H:H,"حاضر")) -> #VALUE! | I4: =IF(OR(A4="",G4=0),"",H4/G4) -> #VALUE! | J4: منفذة
A5: SES-2026-02 | B5: PSY-01 | C5: =IFERROR(VLOOKUP(B5,'الخطة التدريبية المعتمدة'!A:C,3,FALSE),"") -> تقييم وإدارة مخاطر الانتحار وإيذاء النفس وخطة الأمان | D5: 46042 | E5: قاعة الاجتماعات الإكلينيكية | F5: استشاري الطب النفسي | G5: 20 | H5: =IF(A5="","",COUNTIFS('[2]سجل الحضور والتنفيذ'!B:B,A5,'[2]سجل الحضور والتنفيذ'!H:H,"حاضر")) -> #VALUE! | I5: =IF(OR(A5="",G5=0),"",H5/G5) -> #VALUE! | J5: منفذة
A6: SES-2026-03 | B6: PSY-02 | C6: =IFERROR(VLOOKUP(B6,'الخطة التدريبية المعتمدة'!A:C,3,FALSE),"") -> تقنيات خفض التصعيد والسيطرة الآمنة De-escalation | D6: 46047 | E6: قاعة المحاكاة والميدان | F6: فريق السلامة والتمريض | G6: 25 | H6: =IF(A6="","",COUNTIFS('[2]سجل الحضور والتنفيذ'!B:B,A6,'[2]سجل الحضور والتنفيذ'!H:H,"حاضر")) -> #VALUE! | I6: =IF(OR(A6="",G6=0),"",H6/G6) -> #VALUE! | J6: مجدولة
A7: SES-2026-04 | B7: PSY-03 | C7: =IFERROR(VLOOKUP(B7,'الخطة التدريبية المعتمدة'!A:C,3,FALSE),"") -> سياسات وضوابط التقييد الحركي والعزل الطبقي | D7: 46063 | E7: قسم الإدمان الداخلي | F7: فريق الجودة والتمريض | G7: 20 | H7: =IF(A7="","",COUNTIFS('[2]سجل الحضور والتنفيذ'!B:B,A7,'[2]سجل الحضور والتنفيذ'!H:H,"حاضر")) -> #VALUE! | I7: =IF(OR(A7="",G7=0),"",H7/G7) -> #VALUE! | J7: مجدولة
C8: =IFERROR(VLOOKUP(B8,'الخطة التدريبية المعتمدة'!A:C,3,FALSE),"") | H8: =IF(A8="","",COUNTIFS('[2]سجل الحضور والتنفيذ'!B:B,A8,'[2]سجل الحضور والتنفيذ'!H:H,"حاضر")) | I8: =IF(OR(A8="",G8=0),"",H8/G8)
C9: =IFERROR(VLOOKUP(B9,'الخطة التدريبية المعتمدة'!A:C,3,FALSE),"") | H9: =IF(A9="","",COUNTIFS('[2]سجل الحضور والتنفيذ'!B:B,A9,'[2]سجل الحضور والتنفيذ'!H:H,"حاضر")) | I9: =IF(OR(A9="",G9=0),"",H9/G9)
C10: =IFERROR(VLOOKUP(B10,'الخطة التدريبية المعتمدة'!A:C,3,FALSE),"") | H10: =IF(A10="","",COUNTIFS('[2]سجل الحضور والتنفيذ'!B:B,A10,'[2]سجل الحضور والتنفيذ'!H:H,"حاضر")) | I10: =IF(OR(A10="",G10=0),"",H10/G10)
C11: =IFERROR(VLOOKUP(B11,'الخطة التدريبية المعتمدة'!A:C,3,FALSE),"") | H11: =IF(A11="","",COUNTIFS('[2]سجل الحضور والتنفيذ'!B:B,A11,'[2]سجل الحضور والتنفيذ'!H:H,"حاضر")) | I11: =IF(OR(A11="",G11=0),"",H11/G11)
C12: =IFERROR(VLOOKUP(B12,'الخطة التدريبية المعتمدة'!A:C,3,FALSE),"") | H12: =IF(A12="","",COUNTIFS('[2]سجل الحضور والتنفيذ'!B:B,A12,'[2]سجل الحضور والتنفيذ'!H:H,"حاضر")) | I12: =IF(OR(A12="",G12=0),"",H12/G12)
C13: =IFERROR(VLOOKUP(B13,'الخطة التدريبية المعتمدة'!A:C,3,FALSE),"") | H13: =IF(A13="","",COUNTIFS('[2]سجل الحضور والتنفيذ'!B:B,A13,'[2]سجل الحضور والتنفيذ'!H:H,"حاضر")) | I13: =IF(OR(A13="",G13=0),"",H13/G13)
C14: =IFERROR(VLOOKUP(B14,'الخطة التدريبية المعتمدة'!A:C,3,FALSE),"") | H14: =IF(A14="","",COUNTIFS('[2]سجل الحضور والتنفيذ'!B:B,A14,'[2]سجل الحضور والتنفيذ'!H:H,"حاضر")) | I14: =IF(OR(A14="",G14=0),"",H14/G14)
C15: =IFERROR(VLOOKUP(B15,'الخطة التدريبية المعتمدة'!A:C,3,FALSE),"") | H15: =IF(A15="","",COUNTIFS('[2]سجل الحضور والتنفيذ'!B:B,A15,'[2]سجل الحضور والتنفيذ'!H:H,"حاضر")) | I15: =IF(OR(A15="",G15=0),"",H15/G15)
C16: =IFERROR(VLOOKUP(B16,'الخطة التدريبية المعتمدة'!A:C,3,FALSE),"") | H16: =IF(A16="","",COUNTIFS('[2]سجل الحضور والتنفيذ'!B:B,A16,'[2]سجل الحضور والتنفيذ'!H:H,"حاضر")) | I16: =IF(OR(A16="",G16=0),"",H16/G16)
C17: =IFERROR(VLOOKUP(B17,'الخطة التدريبية المعتمدة'!A:C,3,FALSE),"") | H17: =IF(A17="","",COUNTIFS('[2]سجل الحضور والتنفيذ'!B:B,A17,'[2]سجل الحضور والتنفيذ'!H:H,"حاضر")) | I17: =IF(OR(A17="",G17=0),"",H17/G17)
C18: =IFERROR(VLOOKUP(B18,'الخطة التدريبية المعتمدة'!A:C,3,FALSE),"") | H18: =IF(A18="","",COUNTIFS('[2]سجل الحضور والتنفيذ'!B:B,A18,'[2]سجل الحضور والتنفيذ'!H:H,"حاضر")) | I18: =IF(OR(A18="",G18=0),"",H18/G18)
C19: =IFERROR(VLOOKUP(B19,'الخطة التدريبية المعتمدة'!A:C,3,FALSE),"") | H19: =IF(A19="","",COUNTIFS('[2]سجل الحضور والتنفيذ'!B:B,A19,'[2]سجل الحضور والتنفيذ'!H:H,"حاضر")) | I19: =IF(OR(A19="",G19=0),"",H19/G19)
... C203: =IFERROR(VLOOKUP(B203,'الخطة التدريبية المعتمدة'!A:C,3,FALSE),"") | H203: =IF(A203="","",COUNTIFS('[2]سجل الحضور والتنفيذ'!B:B,A203,'[2]سجل الحضور والتنفيذ'!H:H,"حاضر")) | I203: =IF(OR(A203="",G203=0),"",H203/G203)

Sheet الخطة التدريبية المعتمدة
A1: الخطة السنوية المعتمدة للتدريب والتأهيل - مستشفى صحة نفسية وعلاج إدمان 2026
A3: كود البرنامج | B3: المحور الرئيسي (GAHAR) | C3: اسم البرنامج التدريبي التخصصي | D3: الهدف القابل للقياس | E3: الفئة المستهدفة | F3: عدد المستهدفين | G3: نوع التدريب | H3: أسلوب التقييم | I3: المدرب / الجهة | J3: الساعات | K3: التكرار | L3: الشهر المخطط | M3: حالة الخطة | N3: عدد الجلسات المخططة | O3: إجمالي الساعات المخططة | P3: سجلات الحضور الفعلية | Q3: نسبة التغطية % | R3: حالة الاستيفاء
A4: PSY-01 | B4: 1. الرعاية النفسية والإدمان المتخصصة | C4: تقييم وإدارة مخاطر الانتحار وإيذاء النفس وخطة الأمان | D4: إتقان نموذج C-SSRS ووضع خطة أمان بنسبة 100% | E4: أطباء وتمريض وأخصائيون | F4: =IF(A4="","",IF(E4="جميع العاملين بالمنشأة",COUNTIF('سجل الموظفين والكفاءة'!G:G,"موظف قائم")+COUNTIF('سجل الموظفين والكفاءة'!G:G,"موظف جديد " & 'الإعدادات والمستهدفات'!B4),COUNTIF('سجل الموظفين والكفاءة'!E:E,E4))) -> 0 | G4: ورشة عمل ومحاكاة | H4: اختبار وتطبيق عملي | I4: استشاري الطب النفسي | J4: 4 | K4: نصف سنوي | L4: يناير | M4: مخطط | N4: =IF(A4="","",ROUNDUP(F4/'الإعدادات والمستهدفات'!B12,0)) -> 0 | O4: =IF(A4="","",F4*J4) -> 0 | P4: =IF(A4="","",COUNTIFS('[2]سجل الحضور والتنفيذ'!A:A,A4,'[2]سجل الحضور والتنفيذ'!H:H,"حاضر")) -> #VALUE! | Q4: =IF(OR(A4="",F4=0),"",P4/F4) | R4: =IF(A4="","",IF(F4=0,"لا ينطبق",IF(P4=0,"لم يبدأ",IF(Q4>='الإعدادات والمستهدفات'!B7,"مستوفى بالكامل","قيد الاستيفاء")))) -> لا ينطبق
A5: PSY-02 | B5: 1. الرعاية النفسية والإدمان المتخصصة | C5: تقنيات خفض التصعيد والسيطرة الآمنة De-escalation | D5: خفض إصابات الهياج بنسبة 50% وتطبيق السيطرة آمنًا | E5: تمريض وأمن وأطباء | F5: =IF(A5="","",IF(E5="جميع العاملين بالمنشأة",COUNTIF('سجل الموظفين والكفاءة'!G:G,"موظف قائم")+COUNTIF('سجل الموظفين والكفاءة'!G:G,"موظف جديد " & 'الإعدادات والمستهدفات'!B4),COUNTIF('سجل الموظفين والكفاءة'!E:E,E5))) -> 0 | G5: تدريب عملي ميداني | H5: ملاحظة مهارية | I5: فريق السلامة والتمريض | J5: 4 | K5: ربع سنوي | L5: يناير | M5: مخطط | N5: =IF(A5="","",ROUNDUP(F5/'الإعدادات والمستهدفات'!B12,0)) -> 0 | O5: =IF(A5="","",F5*J5) -> 0 | P5: =IF(A5="","",COUNTIFS('[2]سجل الحضور والتنفيذ'!A:A,A5,'[2]سجل الحضور والتنفيذ'!H:H,"حاضر")) -> #VALUE! | Q5: =IF(OR(A5="",F5=0),"",P5/F5) | R5: =IF(A5="","",IF(F5=0,"لا ينطبق",IF(P5=0,"لم يبدأ",IF(Q5>='الإعدادات والمستهدفات'!B7,"مستوفى بالكامل","قيد الاستيفاء")))) -> لا ينطبق
A6: PSY-03 | B6: 1. الرعاية النفسية والإدمان المتخصصة | C6: سياسات وضوابط التقييد الحركي والعزل الطبقي | D6: التطبيق المعتمد 100% للتقييد والتسلّم والتوثيق | E6: تمريض وأطباء قسم الإدمان | F6: =IF(A6="","",IF(E6="جميع العاملين بالمنشأة",COUNTIF('سجل الموظفين والكفاءة'!G:G,"موظف قائم")+COUNTIF('سجل الموظفين والكفاءة'!G:G,"موظف جديد " & 'الإعدادات والمستهدفات'!B4),COUNTIF('سجل الموظفين والكفاءة'!E:E,E6))) -> 0 | G6: محاكاة سيناريو | H6: تقييم نموذج التوثيق | I6: فريق الجودة والتمريض | J6: 3 | K6: نصف سنوي | L6: فبراير | M6: مخطط | N6: =IF(A6="","",ROUNDUP(F6/'الإعدادات والمستهدفات'!B12,0)) -> 0 | O6: =IF(A6="","",F6*J6) -> 0 | P6: =IF(A6="","",COUNTIFS('[2]سجل الحضور والتنفيذ'!A:A,A6,'[2]سجل الحضور والتنفيذ'!H:H,"حاضر")) -> #VALUE! | Q6: =IF(OR(A6="",F6=0),"",P6/F6) | R6: =IF(A6="","",IF(F6=0,"لا ينطبق",IF(P6=0,"لم يبدأ",IF(Q6>='الإعدادات والمستهدفات'!B7,"مستوفى بالكامل","قيد الاستيفاء")))) -> لا ينطبق
A7: PSY-04 | B7: 1. الرعاية النفسية والإدمان المتخصصة | C7: إدارة الأدوية النفسية عالية الخطورة ورصد الأعراض الجانبية | D7: رخص التعامل والجرعات والرصد المبكر للسمية | E7: أطباء وتمريض وصيدلة | F7: =IF(A7="","",IF(E7="جميع العاملين بالمنشأة",COUNTIF('سجل الموظفين والكفاءة'!G:G,"موظف قائم")+COUNTIF('سجل الموظفين والكفاءة'!G:G,"موظف جديد " & 'الإعدادات والمستهدفات'!B4),COUNTIF('سجل الموظفين والكفاءة'!E:E,E7))) -> 0 | G7: محاضرة واختبار حالات | H7: اختبار تحصيلي | I7: الصيدلي الأول والإكلينيكي | J7: 3 | K7: سنوي | L7: فبراير | M7: مخطط | N7: =IF(A7="","",ROUNDUP(F7/'الإعدادات والمستهدفات'!B12,0)) -> 0 | O7: =IF(A7="","",F7*J7) -> 0 | P7: =IF(A7="","",COUNTIFS('[2]سجل الحضور والتنفيذ'!A:A,A7,'[2]سجل الحضور والتنفيذ'!H:H,"حاضر")) -> #VALUE! | Q7: =IF(OR(A7="",F7=0),"",P7/F7) | R7: =IF(A7="","",IF(F7=0,"لا ينطبق",IF(P7=0,"لم يبدأ",IF(Q7>='الإعدادات والمستهدفات'!B7,"مستوفى بالكامل","قيد الاستيفاء")))) -> لا ينطبق
A8: PSY-05 | B8: 1. الرعاية النفسية والإدمان المتخصصة | C8: طوارئ علاج الإدمان: أعراض الانسحاب، الجرعات الزائدة والتسمم | D8: الاستجابة الفورية لأزمات التسمم والانسحاب الحاد | E8: أطباء وتمريض طوارئ إدمان | F8: =IF(A8="","",IF(E8="جميع العاملين بالمنشأة",COUNTIF('سجل الموظفين والكفاءة'!G:G,"موظف قائم")+COUNTIF('سجل الموظفين والكفاءة'!G:G,"موظف جديد " & 'الإعدادات والمستهدفات'!B4),COUNTIF('سجل الموظفين والكفاءة'!E:E,E8))) -> 0 | G8: سيناريو طوارئ حقيقي | H8: تقييم أداء الطوارئ | I8: رئيس قسم علاج الإدمان | J8: 4 | K8: نصف سنوي | L8: مارس | M8: مخطط | N8: =IF(A8="","",ROUNDUP(F8/'الإعدادات والمستهدفات'!B12,0)) -> 0 | O8: =IF(A8="","",F8*J8) -> 0 | P8: =IF(A8="","",COUNTIFS('[2]سجل الحضور والتنفيذ'!A:A,A8,'[2]سجل الحضور والتنفيذ'!H:H,"حاضر")) -> #VALUE! | Q8: =IF(OR(A8="",F8=0),"",P8/F8) | R8: =IF(A8="","",IF(F8=0,"لا ينطبق",IF(P8=0,"لم يبدأ",IF(Q8>='الإعدادات والمستهدفات'!B7,"مستوفى بالكامل","قيد الاستيفاء")))) -> لا ينطبق
A9: PSY-06 | B9: 1. الرعاية النفسية والإدمان المتخصصة | C9: التقييم النفسي الأولي وصياغة خطة العلاج الفردية | D9: توثيق خطة علاجية تكاملية لكل مريض خلال 24 ساعة | E9: أطباء وأخصائيون نفسيون | F9: =IF(A9="","",IF(E9="جميع العاملين بالمنشأة",COUNTIF('سجل الموظفين والكفاءة'!G:G,"موظف قائم")+COUNTIF('سجل الموظفين والكفاءة'!G:G,"موظف جديد " & 'الإعدادات والمستهدفات'!B4),COUNTIF('سجل الموظفين والكفاءة'!E:E,E9))) -> 0 | G9: ورشة مراجعة ملفات | H9: تدقيق ملفات مرجعي | I9: المدير الطبي | J9: 3 | K9: سنوي | L9: مارس | M9: مخطط | N9: =IF(A9="","",ROUNDUP(F9/'الإعدادات والمستهدفات'!B12,0)) -> 0 | O9: =IF(A9="","",F9*J9) -> 0 | P9: =IF(A9="","",COUNTIFS('[2]سجل الحضور والتنفيذ'!A:A,A9,'[2]سجل الحضور والتنفيذ'!H:H,"حاضر")) -> #VALUE! | Q9: =IF(OR(A9="",F9=0),"",P9/F9) | R9: =IF(A9="","",IF(F9=0,"لا ينطبق",IF(P9=0,"لم يبدأ",IF(Q9>='الإعدادات والمستهدفات'!B7,"مستوفى بالكامل","قيد الاستيفاء")))) -> لا ينطبق
A10: PSY-07 | B10: 1. الرعاية النفسية والإدمان المتخصصة | C10: الشرعة الاخلاقية وحقوق المريض النفسي وتقليل الوصمة | D10: صفر شكاوى حول خرق خصوصية أو معاملة حاطة | E10: جميع العاملين بالمنشأة | F10: =IF(A10="","",IF(E10="جميع العاملين بالمنشأة",COUNTIF('سجل الموظفين والكفاءة'!G:G,"موظف قائم")+COUNTIF('سجل الموظفين والكفاءة'!G:G,"موظف جديد " & 'الإعدادات والمستهدفات'!B4),COUNTIF('سجل الموظفين والكفاءة'!E:E,E10))) -> 10 | G10: تفاعلي ولعب أدوار | H10: استبيان واختبار | I10: مسؤول حقوق المرضى | J10: 2 | K10: سنوي | L10: أبريل | M10: مخطط | N10: =IF(A10="","",ROUNDUP(F10/'الإعدادات والمستهدفات'!B12,0)) -> 1 | O10: =IF(A10="","",F10*J10) -> 20 | P10: =IF(A10="","",COUNTIFS('[2]سجل الحضور والتنفيذ'!A:A,A10,'[2]سجل الحضور والتنفيذ'!H:H,"حاضر")) -> #VALUE! | Q10: =IF(OR(A10="",F10=0),"",P10/F10) -> #VALUE! | R10: =IF(A10="","",IF(F10=0,"لا ينطبق",IF(P10=0,"لم يبدأ",IF(Q10>='الإعدادات والمستهدفات'!B7,"مستوفى بالكامل","قيد الاستيفاء")))) -> #VALUE!
A11: PSY-08 | B11: 1. الرعاية النفسية والإدمان المتخصصة | C11: حماية المرضى النفسيين من الإساءة والإهمال والاستغلال | D11: الإبلاغ الفوري عن أي شبهة إساءة وحماية المريض | E11: جميع العاملين بالمنشأة | F11: =IF(A11="","",IF(E11="جميع العاملين بالمنشأة",COUNTIF('سجل الموظفين والكفاءة'!G:G,"موظف قائم")+COUNTIF('سجل الموظفين والكفاءة'!G:G,"موظف جديد " & 'الإعدادات والمستهدفات'!B4),COUNTIF('سجل الموظفين والكفاءة'!E:E,E11))) -> 10 | G11: توعوي وتطبيقي | H11: اختبار حالات | I11: مسؤول الحوكمة والجودة | J11: 2 | K11: سنوي | L11: أبريل | M11: مخطط | N11: =IF(A11="","",ROUNDUP(F11/'الإعدادات والمستهدفات'!B12,0)) -> 1 | O11: =IF(A11="","",F11*J11) -> 20 | P11: =IF(A11="","",COUNTIFS('[2]سجل الحضور والتنفيذ'!A:A,A11,'[2]سجل الحضور والتنفيذ'!H:H,"حاضر")) -> #VALUE! | Q11: =IF(OR(A11="",F11=0),"",P11/F11) -> #VALUE! | R11: =IF(A11="","",IF(F11=0,"لا ينطبق",IF(P11=0,"لم يبدأ",IF(Q11>='الإعدادات والمستهدفات'!B7,"مستوفى بالكامل","قيد الاستيفاء")))) -> #VALUE!
A12: PSY-09 | B12: 1. الرعاية النفسية والإدمان المتخصصة | C12: إدارة الرعاية المزدوجة: اضطرابات النفسية المرافقة للإدمان | D12: رفع كفاءة تشخيص وعلاج الاضطراب المزدوج | E12: أطباء وأخصائيون نفسيون | F12: =IF(A12="","",IF(E12="جميع العاملين بالمنشأة",COUNTIF('سجل الموظفين والكفاءة'!G:G,"موظف قائم")+COUNTIF('سجل الموظفين والكفاءة'!G:G,"موظف جديد " & 'الإعدادات والمستهدفات'!B4),COUNTIF('سجل الموظفين والكفاءة'!E:E,E12))) -> 0 | G12: حلقة نقاش إكلينيكية | H12: تقييم حالة معقدة | I12: استشاري الطب النفسي | J12: 3 | K12: سنوي | L12: مايو | M12: مخطط | N12: =IF(A12="","",ROUNDUP(F12/'الإعدادات والمستهدفات'!B12,0)) -> 0 | O12: =IF(A12="","",F12*J12) -> 0 | P12: =IF(A12="","",COUNTIFS('[2]سجل الحضور والتنفيذ'!A:A,A12,'[2]سجل الحضور والتنفيذ'!H:H,"حاضر")) -> #VALUE! | Q12: =IF(OR(A12="",F12=0),"",P12/F12) | R12: =IF(A12="","",IF(F12=0,"لا ينطبق",IF(P12=0,"لم يبدأ",IF(Q12>='الإعدادات والمستهدفات'!B7,"مستوفى بالكامل","قيد الاستيفاء")))) -> لا ينطبق
A13: PSY-10 | B13: 1. الرعاية النفسية والإدمان المتخصصة | C13: البروتوكول الآمن لمنع هروب المرضى وتتبع عالي الخطر | D13: منع حالات الهروب والاستجابة الفورية لخطة البحث | E13: تمريض وأمن واستقبال | F13: =IF(A13="","",IF(E13="جميع العاملين بالمنشأة",COUNTIF('سجل الموظفين والكفاءة'!G:G,"موظف قائم")+COUNTIF('سجل الموظفين والكفاءة'!G:G,"موظف جديد " & 'الإعدادات والمستهدفات'!B4),COUNTIF('سجل الموظفين والكفاءة'!E:E,E13))) -> 0 | G13: تمرين عملي مفاجئ | H13: تقييم زمن الاستجابة | I13: مشرف الأمن والتمريض | J13: 3 | K13: نصف سنوي | L13: مايو | M13: مخطط | N13: =IF(A13="","",ROUNDUP(F13/'الإعدادات والمستهدفات'!B12,0)) -> 0 | O13: =IF(A13="","",F13*J13) -> 0 | P13: =IF(A13="","",COUNTIFS('[2]سجل الحضور والتنفيذ'!A:A,A13,'[2]سجل الحضور والتنفيذ'!H:H,"حاضر")) -> #VALUE! | Q13: =IF(OR(A13="",F13=0),"",P13/F13) | R13: =IF(A13="","",IF(F13=0,"لا ينطبق",IF(P13=0,"لم يبدأ",IF(Q13>='الإعدادات والمستهدفات'!B7,"مستوفى بالكامل","قيد الاستيفاء")))) -> لا ينطبق
A14: PSY-11 | B14: 1. الرعاية النفسية والإدمان المتخصصة | C14: المقابلة التحفيزية Motivational Interviewing في الإدمان | D14: رفع التزام المرضى ببرنامج التعافي لمنع الانتكاس | E14: أخصائيون وتمريض وأطباء | F14: =IF(A14="","",IF(E14="جميع العاملين بالمنشأة",COUNTIF('سجل الموظفين والكفاءة'!G:G,"موظف قائم")+COUNTIF('سجل الموظفين والكفاءة'!G:G,"موظف جديد " & 'الإعدادات والمستهدفات'!B4),COUNTIF('سجل الموظفين والكفاءة'!E:E,E14))) -> 0 | G14: تدريب تطبيقي مكثف | H14: تقييم تسجيل جلسة | I14: استشاري علاج الإدمان | J14: 4 | K14: سنوي | L14: يونيو | M14: مخطط | N14: =IF(A14="","",ROUNDUP(F14/'الإعدادات والمستهدفات'!B12,0)) -> 0 | O14: =IF(A14="","",F14*J14) -> 0 | P14: =IF(A14="","",COUNTIFS('[2]سجل الحضور والتنفيذ'!A:A,A14,'[2]سجل الحضور والتنفيذ'!H:H,"حاضر")) -> #VALUE! | Q14: =IF(OR(A14="",F14=0),"",P14/F14) | R14: =IF(A14="","",IF(F14=0,"لا ينطبق",IF(P14=0,"لم يبدأ",IF(Q14>='الإعدادات والمستهدفات'!B7,"مستوفى بالكامل","قيد الاستيفاء")))) -> لا ينطبق
A15: PSY-12 | B15: 1. الرعاية النفسية والإدمان المتخصصة | C15: العلاج المعرفي السلوكي CBT لاضطرابات القلق والإدمان | D15: تطبيق الفنيات الأساسية بمهارة معتمدة | E15: أخصائيون نفسيون ورعاة | F15: =IF(A15="","",IF(E15="جميع العاملين بالمنشأة",COUNTIF('سجل الموظفين والكفاءة'!G:G,"موظف قائم")+COUNTIF('سجل الموظفين والكفاءة'!G:G,"موظف جديد " & 'الإعدادات والمستهدفات'!B4),COUNTIF('سجل الموظفين والكفاءة'!E:E,E15))) -> 0 | G15: ورشة عمل تخصصية | H15: تقديم حالة علاجية | I15: خبير CBT معتمد | J15: 4 | K15: سنوي | L15: يوليو | M15: مخطط | N15: =IF(A15="","",ROUNDUP(F15/'الإعدادات والمستهدفات'!B12,0)) -> 0 | O15: =IF(A15="","",F15*J15) -> 0 | P15: =IF(A15="","",COUNTIFS('[2]سجل الحضور والتنفيذ'!A:A,A15,'[2]سجل الحضور والتنفيذ'!H:H,"حاضر")) -> #VALUE! | Q15: =IF(OR(A15="",F15=0),"",P15/F15) | R15: =IF(A15="","",IF(F15=0,"لا ينطبق",IF(P15=0,"لم يبدأ",IF(Q15>='الإعدادات والمستهدفات'!B7,"مستوفى بالكامل","قيد الاستيفاء")))) -> لا ينطبق
A16: PSY-13 | B16: 1. الرعاية النفسية والإدمان المتخصصة | C16: التسليم السريري المنظم SBAR والتواصل في الأزمات | D16: دقة تسليم الشفتات وتقليل أخطاء التواصل بنسبة 100% | E16: أطباء وتمريض | F16: =IF(A16="","",IF(E16="جميع العاملين بالمنشأة",COUNTIF('سجل الموظفين والكفاءة'!G:G,"موظف قائم")+COUNTIF('سجل الموظفين والكفاءة'!G:G,"موظف جديد " & 'الإعدادات والمستهدفات'!B4),COUNTIF('سجل الموظفين والكفاءة'!E:E,E16))) -> 0 | G16: محاكاة تسليم شفت | H16: قائمة مراجعة SBAR | I16: رئيس التمريض | J16: 2 | K16: سنوي | L16: أغسطس | M16: مخطط | N16: =IF(A16="","",ROUNDUP(F16/'الإعدادات والمستهدفات'!B12,0)) -> 0 | O16: =IF(A16="","",F16*J16) -> 0 | P16: =IF(A16="","",COUNTIFS('[2]سجل الحضور والتنفيذ'!A:A,A16,'[2]سجل الحضور والتنفيذ'!H:H,"حاضر")) -> #VALUE! | Q16: =IF(OR(A16="",F16=0),"",P16/F16) | R16: =IF(A16="","",IF(F16=0,"لا ينطبق",IF(P16=0,"لم يبدأ",IF(Q16>='الإعدادات والمستهدفات'!B7,"مستوفى بالكامل","قيد الاستيفاء")))) -> لا ينطبق
A17: PSY-14 | B17: 1. الرعاية النفسية والإدمان المتخصصة | C17: الإسعافات النفسية الأولى وتخفيف صدمات الأزمات | D17: تقديم الدعم النفسي الأولي الفعال للمرضى وذويهم | E17: جميع العاملين المتعاملين | F17: =IF(A17="","",IF(E17="جميع العاملين بالمنشأة",COUNTIF('سجل الموظفين والكفاءة'!G:G,"موظف قائم")+COUNTIF('سجل الموظفين والكفاءة'!G:G,"موظف جديد " & 'الإعدادات والمستهدفات'!B4),COUNTIF('سجل الموظفين والكفاءة'!E:E,E17))) -> 0 | G17: تدريب تفاعلي | H17: تقييم محاكاة دعم | I17: أخصائي نفسي أول | J17: 3 | K17: سنوي | L17: سبتمبر | M17: مخطط | N17: =IF(A17="","",ROUNDUP(F17/'الإعدادات والمستهدفات'!B12,0)) -> 0 | O17: =IF(A17="","",F17*J17) -> 0 | P17: =IF(A17="","",COUNTIFS('[2]سجل الحضور والتنفيذ'!A:A,A17,'[2]سجل الحضور والتنفيذ'!H:H,"حاضر")) -> #VALUE! | Q17: =IF(OR(A17="",F17=0),"",P17/F17) | R17: =IF(A17="","",IF(F17=0,"لا ينطبق",IF(P17=0,"لم يبدأ",IF(Q17>='الإعدادات والمستهدفات'!B7,"مستوفى بالكامل","قيد الاستيفاء")))) -> لا ينطبق
A18: PSY-15 | B18: 1. الرعاية النفسية والإدمان المتخصصة | C18: تخطيط الخروج الآمن ومنع الانتكاسة والرعاية الممتدة | D18: تأمين متابعة 100% من مرخصي الخروج من الإدمان | E18: أطباء وأخصائيون وتمريض | F18: =IF(A18="","",IF(E18="جميع العاملين بالمنشأة",COUNTIF('سجل الموظفين والكفاءة'!G:G,"موظف قائم")+COUNTIF('سجل الموظفين والكفاءة'!G:G,"موظف جديد " & 'الإعدادات والمستهدفات'!B4),COUNTIF('سجل الموظفين والكفاءة'!E:E,E18))) -> 0 | G18: ورشة عمل إكلينيكية | H18: تدقيق خطط الخروج | I18: مسؤول الاستشعار الممتد | J18: 3 | K18: سنوي | L18: أكتوبر | M18: مخطط | N18: =IF(A18="","",ROUNDUP(F18/'الإعدادات والمستهدفات'!B12,0)) -> 0 | O18: =IF(A18="","",F18*J18) -> 0 | P18: =IF(A18="","",COUNTIFS('[2]سجل الحضور والتنفيذ'!A:A,A18,'[2]سجل الحضور والتنفيذ'!H:H,"حاضر")) -> #VALUE! | Q18: =IF(OR(A18="",F18=0),"",P18/F18) | R18: =IF(A18="","",IF(F18=0,"لا ينطبق",IF(P18=0,"لم يبدأ",IF(Q18>='الإعدادات والمستهدفات'!B7,"مستوفى بالكامل","قيد الاستيفاء")))) -> لا ينطبق
A19: PSY-OR-01 | B19: 2. إدارة الموارد البشرية والكفاءات | C19: البرنامج التعريفي الشامل للموظفين الجدد (WFM.05) | D19: استيفاء الموظف الجديد لكافة السياسات خلال 30 يومًا | E19: جميع العاملين بالمنشأة | F19: =IF(A19="","",IF(E19="جميع العاملين بالمنشأة",COUNTIF('سجل الموظفين والكفاءة'!G:G,"موظف قائم")+COUNTIF('سجل الموظفين والكفاءة'!G:G,"موظف جديد " & 'الإعدادات والمستهدفات'!B4),COUNTIF('سجل الموظفين والكفاءة'!E:E,E19))) -> 10 | G19: توجيهي شامل | H19: اختبار وقائمة تحقق | I19: الموارد البشرية والجودة | J19: 6 | K19: عند التعيين | L19: يناير | M19: مخطط | N19: =IF(A19="","",ROUNDUP(F19/'الإعدادات والمستهدفات'!B12,0)) -> 1 | O19: =IF(A19="","",F19*J19) -> 60 | P19: =IF(A19="","",COUNTIFS('[2]سجل الحضور والتنفيذ'!A:A,A19,'[2]سجل الحضور والتنفيذ'!H:H,"حاضر")) -> #VALUE! | Q19: =IF(OR(A19="",F19=0),"",P19/F19) -> #VALUE! | R19: =IF(A19="","",IF(F19=0,"لا ينطبق",IF(P19=0,"لم يبدأ",IF(Q19>='الإعدادات والمستهدفات'!B7,"مستوفى بالكامل","قيد الاستيفاء")))) -> #VALUE!
A20: GEN-IPC-01 | B20: 4. الوقاية ومكافحة العدوى | C20: مكافحة العدوى ونظافة اليدين والتعامل مع النفايات الطبية | D20: اجتياز اختبار المهارة ونظافة اليدين بنسبة 100% | E20: جميع العاملين بالمنشأة | F20: =IF(A20="","",IF(E20="جميع العاملين بالمنشأة",COUNTIF('سجل الموظفين والكفاءة'!G:G,"موظف قائم")+COUNTIF('سجل الموظفين والكفاءة'!G:G,"موظف جديد " & 'الإعدادات والمستهدفات'!B4),COUNTIF('سجل الموظفين والكفاءة'!E:E,E20))) -> 10 | G20: عملي وميداني | H20: قائمة ملاحظة مهارة | I20: فريق مكافحة العدوى | J20: 3 | K20: سنوي | L20: فبراير | M20: مخطط | N20: =IF(A20="","",ROUNDUP(F20/'الإعدادات والمستهدفات'!B12,0)) -> 1 | O20: =IF(A20="","",F20*J20) -> 30 | P20: =IF(A20="","",COUNTIFS('[2]سجل الحضور والتنفيذ'!A:A,A20,'[2]سجل الحضور والتنفيذ'!H:H,"حاضر")) -> #VALUE! | Q20: =IF(OR(A20="",F20=0),"",P20/F20) -> #VALUE! | R20: =IF(A20="","",IF(F20=0,"لا ينطبق",IF(P20=0,"لم يبدأ",IF(Q20>='الإعدادات والمستهدفات'!B7,"مستوفى بالكامل","قيد الاستيفاء")))) -> #VALUE!
A21: GEN-FMS-01 | B21: 6. السلامة وإدارة المنشأة | C21: السلامة والصحة المهنية وخطة الإخلاء والحريق (FMS.04) | D21: إخلاء المبنى خلال الزمن المعتمد دون حوادث | E21: جميع العاملين بالمنشأة | F21: =IF(A21="","",IF(E21="جميع العاملين بالمنشأة",COUNTIF('سجل الموظفين والكفاءة'!G:G,"موظف قائم")+COUNTIF('سجل الموظفين والكفاءة'!G:G,"موظف جديد " & 'الإعدادات والمستهدفات'!B4),COUNTIF('سجل الموظفين والكفاءة'!E:E,E21))) -> 10 | G21: تمرين إخلاء وهمي | H21: تقرير زمن الإخلاء | I21: مسؤول السلامة والمهنية | J21: 3 | K21: نصف سنوي | L21: مارس | M21: مخطط | N21: =IF(A21="","",ROUNDUP(F21/'الإعدادات والمستهدفات'!B12,0)) -> 1 | O21: =IF(A21="","",F21*J21) -> 30 | P21: =IF(A21="","",COUNTIFS('[2]سجل الحضور والتنفيذ'!A:A,A21,'[2]سجل الحضور والتنفيذ'!H:H,"حاضر")) -> #VALUE! | Q21: =IF(OR(A21="",F21=0),"",P21/F21) -> #VALUE! | R21: =IF(A21="","",IF(F21=0,"لا ينطبق",IF(P21=0,"لم يبدأ",IF(Q21>='الإعدادات والمستهدفات'!B7,"مستوفى بالكامل","قيد الاستيفاء")))) -> #VALUE!
A22: GEN-BLS-01 | B22: 1. الرعاية النفسية والإدمان المتخصصة | C22: الإنعاش القلبي الرئوي الأساسي BLS معتمد | D22: حصول 100% من الكادر السريري على شهادة BLS سارية | E22: أطباء وتمريض وصيدلة | F22: =IF(A22="","",IF(E22="جميع العاملين بالمنشأة",COUNTIF('سجل الموظفين والكفاءة'!G:G,"موظف قائم")+COUNTIF('سجل الموظفين والكفاءة'!G:G,"موظف جديد " & 'الإعدادات والمستهدفات'!B4),COUNTIF('سجل الموظفين والكفاءة'!E:E,E22))) -> 0 | G22: عملي على مجسمات | H22: اختبار عملي معتمد | I22: مدرب BLS معتمد | J22: 6 | K22: كل سنتين | L22: أبريل | M22: مخطط | N22: =IF(A22="","",ROUNDUP(F22/'الإعدادات والمستهدفات'!B12,0)) -> 0 | O22: =IF(A22="","",F22*J22) -> 0 | P22: =IF(A22="","",COUNTIFS('[2]سجل الحضور والتنفيذ'!A:A,A22,'[2]سجل الحضور والتنفيذ'!H:H,"حاضر")) -> #VALUE! | Q22: =IF(OR(A22="",F22=0),"",P22/F22) | R22: =IF(A22="","",IF(F22=0,"لا ينطبق",IF(P22=0,"لم يبدأ",IF(Q22>='الإعدادات والمستهدفات'!B7,"مستوفى بالكامل","قيد الاستيفاء")))) -> لا ينطبق
A23: GEN-QPS-01 | B23: 7. الجودة وتحسين الأداء | C23: إدارة المخاطر وبلاغات الأحداث العارضة وتحليل RCA | D23: رفع معدل الإبلاغ وتطبيق التحسين المستمر PDSA | E23: رؤساء الأقسام والجودة | F23: =IF(A23="","",IF(E23="جميع العاملين بالمنشأة",COUNTIF('سجل الموظفين والكفاءة'!G:G,"موظف قائم")+COUNTIF('سجل الموظفين والكفاءة'!G:G,"موظف جديد " & 'الإعدادات والمستهدفات'!B4),COUNTIF('سجل الموظفين والكفاءة'!E:E,E23))) -> 0 | G23: ورشة تحليل حالات | H23: تطبيق حالة عملية | I23: مدير إدارة الجودة | J23: 3 | K23: سنوي | L23: مايو | M23: مخطط | N23: =IF(A23="","",ROUNDUP(F23/'الإعدادات والمستهدفات'!B12,0)) -> 0 | O23: =IF(A23="","",F23*J23) -> 0 | P23: =IF(A23="","",COUNTIFS('[2]سجل الحضور والتنفيذ'!A:A,A23,'[2]سجل الحضور والتنفيذ'!H:H,"حاضر")) -> #VALUE! | Q23: =IF(OR(A23="",F23=0),"",P23/F23) | R23: =IF(A23="","",IF(F23=0,"لا ينطبق",IF(P23=0,"لم يبدأ",IF(Q23>='الإعدادات والمستهدفات'!B7,"مستوفى بالكامل","قيد الاستيفاء")))) -> لا ينطبق
F24: =IF(A24="","",IF(E24="جميع العاملين بالمنشأة",COUNTIF('سجل الموظفين والكفاءة'!G:G,"موظف قائم")+COUNTIF('سجل الموظفين والكفاءة'!G:G,"موظف جديد " & 'الإعدادات والمستهدفات'!B4),COUNTIF('سجل الموظفين والكفاءة'!E:E,E24))) | N24: =IF(A24="","",ROUNDUP(F24/'الإعدادات والمستهدفات'!B12,0)) | O24: =IF(A24="","",F24*J24) | P24: =IF(A24="","",COUNTIFS('[2]سجل الحضور والتنفيذ'!A:A,A24,'[2]سجل الحضور والتنفيذ'!H:H,"حاضر")) | Q24: =IF(OR(A24="",F24=0),"",P24/F24) | R24: =IF(A24="","",IF(F24=0,"لا ينطبق",IF(P24=0,"لم يبدأ",IF(Q24>='الإعدادات والمستهدفات'!B7,"مستوفى بالكامل","قيد الاستيفاء"))))
F25: =IF(A25="","",IF(E25="جميع العاملين بالمنشأة",COUNTIF('سجل الموظفين والكفاءة'!G:G,"موظف قائم")+COUNTIF('سجل الموظفين والكفاءة'!G:G,"موظف جديد " & 'الإعدادات والمستهدفات'!B4),COUNTIF('سجل الموظفين والكفاءة'!E:E,E25))) | N25: =IF(A25="","",ROUNDUP(F25/'الإعدادات والمستهدفات'!B12,0)) | O25: =IF(A25="","",F25*J25) | P25: =IF(A25="","",COUNTIFS('[2]سجل الحضور والتنفيذ'!A:A,A25,'[2]سجل الحضور والتنفيذ'!H:H,"حاضر")) | Q25: =IF(OR(A25="",F25=0),"",P25/F25) | R25: =IF(A25="","",IF(F25=0,"لا ينطبق",IF(P25=0,"لم يبدأ",IF(Q25>='الإعدادات والمستهدفات'!B7,"مستوفى بالكامل","قيد الاستيفاء"))))
F26: =IF(A26="","",IF(E26="جميع العاملين بالمنشأة",COUNTIF('سجل الموظفين والكفاءة'!G:G,"موظف قائم")+COUNTIF('سجل الموظفين والكفاءة'!G:G,"موظف جديد " & 'الإعدادات والمستهدفات'!B4),COUNTIF('سجل الموظفين والكفاءة'!E:E,E26))) | N26: =IF(A26="","",ROUNDUP(F26/'الإعدادات والمستهدفات'!B12,0)) | O26: =IF(A26="","",F26*J26) | P26: =IF(A26="","",COUNTIFS('[2]سجل الحضور والتنفيذ'!A:A,A26,'[2]سجل الحضور والتنفيذ'!H:H,"حاضر")) | Q26: =IF(OR(A26="",F26=0),"",P26/F26) | R26: =IF(A26="","",IF(F26=0,"لا ينطبق",IF(P26=0,"لم يبدأ",IF(Q26>='الإعدادات والمستهدفات'!B7,"مستوفى بالكامل","قيد الاستيفاء"))))
F27: =IF(A27="","",IF(E27="جميع العاملين بالمنشأة",COUNTIF('سجل الموظفين والكفاءة'!G:G,"موظف قائم")+COUNTIF('سجل الموظفين والكفاءة'!G:G,"موظف جديد " & 'الإعدادات والمستهدفات'!B4),COUNTIF('سجل الموظفين والكفاءة'!E:E,E27))) | N27: =IF(A27="","",ROUNDUP(F27/'الإعدادات والمستهدفات'!B12,0)) | O27: =IF(A27="","",F27*J27) | P27: =IF(A27="","",COUNTIFS('[2]سجل الحضور والتنفيذ'!A:A,A27,'[2]سجل الحضور والتنفيذ'!H:H,"حاضر")) | Q27: =IF(OR(A27="",F27=0),"",P27/F27) | R27: =IF(A27="","",IF(F27=0,"لا ينطبق",IF(P27=0,"لم يبدأ",IF(Q27>='الإعدادات والمستهدفات'!B7,"مستوفى بالكامل","قيد الاستيفاء"))))
F28: =IF(A28="","",IF(E28="جميع العاملين بالمنشأة",COUNTIF('سجل الموظفين والكفاءة'!G:G,"موظف قائم")+COUNTIF('سجل الموظفين والكفاءة'!G:G,"موظف جديد " & 'الإعدادات والمستهدفات'!B4),COUNTIF('سجل الموظفين والكفاءة'!E:E,E28))) | N28: =IF(A28="","",ROUNDUP(F28/'الإعدادات والمستهدفات'!B12,0)) | O28: =IF(A28="","",F28*J28) | P28: =IF(A28="","",COUNTIFS('[2]سجل الحضور والتنفيذ'!A:A,A28,'[2]سجل الحضور والتنفيذ'!H:H,"حاضر")) | Q28: =IF(OR(A28="",F28=0),"",P28/F28) | R28: =IF(A28="","",IF(F28=0,"لا ينطبق",IF(P28=0,"لم يبدأ",IF(Q28>='الإعدادات والمستهدفات'!B7,"مستوفى بالكامل","قيد الاستيفاء"))))
F29: =IF(A29="","",IF(E29="جميع العاملين بالمنشأة",COUNTIF('سجل الموظفين والكفاءة'!G:G,"موظف قائم")+COUNTIF('سجل الموظفين والكفاءة'!G:G,"موظف جديد " & 'الإعدادات والمستهدفات'!B4),COUNTIF('سجل الموظفين والكفاءة'!E:E,E29))) | N29: =IF(A29="","",ROUNDUP(F29/'الإعدادات والمستهدفات'!B12,0)) | O29: =IF(A29="","",F29*J29) | P29: =IF(A29="","",COUNTIFS('[2]سجل الحضور والتنفيذ'!A:A,A29,'[2]سجل الحضور والتنفيذ'!H:H,"حاضر")) | Q29: =IF(OR(A29="",F29=0),"",P29/F29) | R29: =IF(A29="","",IF(F29=0,"لا ينطبق",IF(P29=0,"لم يبدأ",IF(Q29>='الإعدادات والمستهدفات'!B7,"مستوفى بالكامل","قيد الاستيفاء"))))
F30: =IF(A30="","",IF(E30="جميع العاملين بالمنشأة",COUNTIF('سجل الموظفين والكفاءة'!G:G,"موظف قائم")+COUNTIF('سجل الموظفين والكفاءة'!G:G,"موظف جديد " & 'الإعدادات والمستهدفات'!B4),COUNTIF('سجل الموظفين والكفاءة'!E:E,E30))) | N30: =IF(A30="","",ROUNDUP(F30/'الإعدادات والمستهدفات'!B12,0)) | O30: =IF(A30="","",F30*J30) | P30: =IF(A30="","",COUNTIFS('[2]سجل الحضور والتنفيذ'!A:A,A30,'[2]سجل الحضور والتنفيذ'!H:H,"حاضر")) | Q30: =IF(OR(A30="",F30=0),"",P30/F30) | R30: =IF(A30="","",IF(F30=0,"لا ينطبق",IF(P30=0,"لم يبدأ",IF(Q30>='الإعدادات والمستهدفات'!B7,"مستوفى بالكامل","قيد الاستيفاء"))))
F31: =IF(A31="","",IF(E31="جميع العاملين بالمنشأة",COUNTIF('سجل الموظفين والكفاءة'!G:G,"موظف قائم")+COUNTIF('سجل الموظفين والكفاءة'!G:G,"موظف جديد " & 'الإعدادات والمستهدفات'!B4),COUNTIF('سجل الموظفين والكفاءة'!E:E,E31))) | N31: =IF(A31="","",ROUNDUP(F31/'الإعدادات والمستهدفات'!B12,0)) | O31: =IF(A31="","",F31*J31) | P31: =IF(A31="","",COUNTIFS('[2]سجل الحضور والتنفيذ'!A:A,A31,'[2]سجل الحضور والتنفيذ'!H:H,"حاضر")) | Q31: =IF(OR(A31="",F31=0),"",P31/F31) | R31: =IF(A31="","",IF(F31=0,"لا ينطبق",IF(P31=0,"لم يبدأ",IF(Q31>='الإعدادات والمستهدفات'!B7,"مستوفى بالكامل","قيد الاستيفاء"))))
F32: =IF(A32="","",IF(E32="جميع العاملين بالمنشأة",COUNTIF('سجل الموظفين والكفاءة'!G:G,"موظف قائم")+COUNTIF('سجل الموظفين والكفاءة'!G:G,"موظف جديد " & 'الإعدادات والمستهدفات'!B4),COUNTIF('سجل الموظفين والكفاءة'!E:E,E32))) | N32: =IF(A32="","",ROUNDUP(F32/'الإعدادات والمستهدفات'!B12,0)) | O32: =IF(A32="","",F32*J32) | P32: =IF(A32="","",COUNTIFS('[2]سجل الحضور والتنفيذ'!A:A,A32,'[2]سجل الحضور والتنفيذ'!H:H,"حاضر")) | Q32: =IF(OR(A32="",F32=0),"",P32/F32) | R32: =IF(A32="","",IF(F32=0,"لا ينطبق",IF(P32=0,"لم يبدأ",IF(Q32>='الإعدادات والمستهدفات'!B7,"مستوفى بالكامل","قيد الاستيفاء"))))
F33: =IF(A33="","",IF(E33="جميع العاملين بالمنشأة",COUNTIF('سجل الموظفين والكفاءة'!G:G,"موظف قائم")+COUNTIF('سجل الموظفين والكفاءة'!G:G,"موظف جديد " & 'الإعدادات والمستهدفات'!B4),COUNTIF('سجل الموظفين والكفاءة'!E:E,E33))) | N33: =IF(A33="","",ROUNDUP(F33/'الإعدادات والمستهدفات'!B12,0)) | O33: =IF(A33="","",F33*J33) | P33: =IF(A33="","",COUNTIFS('[2]سجل الحضور والتنفيذ'!A:A,A33,'[2]سجل الحضور والتنفيذ'!H:H,"حاضر")) | Q33: =IF(OR(A33="",F33=0),"",P33/F33) | R33: =IF(A33="","",IF(F33=0,"لا ينطبق",IF(P33=0,"لم يبدأ",IF(Q33>='الإعدادات والمستهدفات'!B7,"مستوفى بالكامل","قيد الاستيفاء"))))
F34: =IF(A34="","",IF(E34="جميع العاملين بالمنشأة",COUNTIF('سجل الموظفين والكفاءة'!G:G,"موظف قائم")+COUNTIF('سجل الموظفين والكفاءة'!G:G,"موظف جديد " & 'الإعدادات والمستهدفات'!B4),COUNTIF('سجل الموظفين والكفاءة'!E:E,E34))) | N34: =IF(A34="","",ROUNDUP(F34/'الإعدادات والمستهدفات'!B12,0)) | O34: =IF(A34="","",F34*J34) | P34: =IF(A34="","",COUNTIFS('[2]سجل الحضور والتنفيذ'!A:A,A34,'[2]سجل الحضور والتنفيذ'!H:H,"حاضر")) | Q34: =IF(OR(A34="",F34=0),"",P34/F34) | R34: =IF(A34="","",IF(F34=0,"لا ينطبق",IF(P34=0,"لم يبدأ",IF(Q34>='الإعدادات والمستهدفات'!B7,"مستوفى بالكامل","قيد الاستيفاء"))))
F35: =IF(A35="","",IF(E35="جميع العاملين بالمنشأة",COUNTIF('سجل الموظفين والكفاءة'!G:G,"موظف قائم")+COUNTIF('سجل الموظفين والكفاءة'!G:G,"موظف جديد " & 'الإعدادات والمستهدفات'!B4),COUNTIF('سجل الموظفين والكفاءة'!E:E,E35))) | N35: =IF(A35="","",ROUNDUP(F35/'الإعدادات والمستهدفات'!B12,0)) | O35: =IF(A35="","",F35*J35) | P35: =IF(A35="","",COUNTIFS('[2]سجل الحضور والتنفيذ'!A:A,A35,'[2]سجل الحضور والتنفيذ'!H:H,"حاضر")) | Q35: =IF(OR(A35="",F35=0),"",P35/F35) | R35: =IF(A35="","",IF(F35=0,"لا ينطبق",IF(P35=0,"لم يبدأ",IF(Q35>='الإعدادات والمستهدفات'!B7,"مستوفى بالكامل","قيد الاستيفاء"))))
F36: =IF(A36="","",IF(E36="جميع العاملين بالمنشأة",COUNTIF('سجل الموظفين والكفاءة'!G:G,"موظف قائم")+COUNTIF('سجل الموظفين والكفاءة'!G:G,"موظف جديد " & 'الإعدادات والمستهدفات'!B4),COUNTIF('سجل الموظفين والكفاءة'!E:E,E36))) | N36: =IF(A36="","",ROUNDUP(F36/'الإعدادات والمستهدفات'!B12,0)) | O36: =IF(A36="","",F36*J36) | P36: =IF(A36="","",COUNTIFS('[2]سجل الحضور والتنفيذ'!A:A,A36,'[2]سجل الحضور والتنفيذ'!H:H,"حاضر")) | Q36: =IF(OR(A36="",F36=0),"",P36/F36) | R36: =IF(A36="","",IF(F36=0,"لا ينطبق",IF(P36=0,"لم يبدأ",IF(Q36>='الإعدادات والمستهدفات'!B7,"مستوفى بالكامل","قيد الاستيفاء"))))
F37: =IF(A37="","",IF(E37="جميع العاملين بالمنشأة",COUNTIF('سجل الموظفين والكفاءة'!G:G,"موظف قائم")+COUNTIF('سجل الموظفين والكفاءة'!G:G,"موظف جديد " & 'الإعدادات والمستهدفات'!B4),COUNTIF('سجل الموظفين والكفاءة'!E:E,E37))) | N37: =IF(A37="","",ROUNDUP(F37/'الإعدادات والمستهدفات'!B12,0)) | O37: =IF(A37="","",F37*J37) | P37: =IF(A37="","",COUNTIFS('[2]سجل الحضور والتنفيذ'!A:A,A37,'[2]سجل الحضور والتنفيذ'!H:H,"حاضر")) | Q37: =IF(OR(A37="",F37=0),"",P37/F37) | R37: =IF(A37="","",IF(F37=0,"لا ينطبق",IF(P37=0,"لم يبدأ",IF(Q37>='الإعدادات والمستهدفات'!B7,"مستوفى بالكامل","قيد الاستيفاء"))))
F38: =IF(A38="","",IF(E38="جميع العاملين بالمنشأة",COUNTIF('سجل الموظفين والكفاءة'!G:G,"موظف قائم")+COUNTIF('سجل الموظفين والكفاءة'!G:G,"موظف جديد " & 'الإعدادات والمستهدفات'!B4),COUNTIF('سجل الموظفين والكفاءة'!E:E,E38))) | N38: =IF(A38="","",ROUNDUP(F38/'الإعدادات والمستهدفات'!B12,0)) | O38: =IF(A38="","",F38*J38) | P38: =IF(A38="","",COUNTIFS('[2]سجل الحضور والتنفيذ'!A:A,A38,'[2]سجل الحضور والتنفيذ'!H:H,"حاضر")) | Q38: =IF(OR(A38="",F38=0),"",P38/F38) | R38: =IF(A38="","",IF(F38=0,"لا ينطبق",IF(P38=0,"لم يبدأ",IF(Q38>='الإعدادات والمستهدفات'!B7,"مستوفى بالكامل","قيد الاستيفاء"))))
F39: =IF(A39="","",IF(E39="جميع العاملين بالمنشأة",COUNTIF('سجل الموظفين والكفاءة'!G:G,"موظف قائم")+COUNTIF('سجل الموظفين والكفاءة'!G:G,"موظف جديد " & 'الإعدادات والمستهدفات'!B4),COUNTIF('سجل الموظفين والكفاءة'!E:E,E39))) | N39: =IF(A39="","",ROUNDUP(F39/'الإعدادات والمستهدفات'!B12,0)) | O39: =IF(A39="","",F39*J39) | P39: =IF(A39="","",COUNTIFS('[2]سجل الحضور والتنفيذ'!A:A,A39,'[2]سجل الحضور والتنفيذ'!H:H,"حاضر")) | Q39: =IF(OR(A39="",F39=0),"",P39/F39) | R39: =IF(A39="","",IF(F39=0,"لا ينطبق",IF(P39=0,"لم يبدأ",IF(Q39>='الإعدادات والمستهدفات'!B7,"مستوفى بالكامل","قيد الاستيفاء"))))
F40: =IF(A40="","",IF(E40="جميع العاملين بالمنشأة",COUNTIF('سجل الموظفين والكفاءة'!G:G,"موظف قائم")+COUNTIF('سجل الموظفين والكفاءة'!G:G,"موظف جديد " & 'الإعدادات والمستهدفات'!B4),COUNTIF('سجل الموظفين والكفاءة'!E:E,E40))) | N40: =IF(A40="","",ROUNDUP(F40/'الإعدادات والمستهدفات'!B12,0)) | O40: =IF(A40="","",F40*J40) | P40: =IF(A40="","",COUNTIFS('[2]سجل الحضور والتنفيذ'!A:A,A40,'[2]سجل الحضور والتنفيذ'!H:H,"حاضر")) | Q40: =IF(OR(A40="",F40=0),"",P40/F40) | R40: =IF(A40="","",IF(F40=0,"لا ينطبق",IF(P40=0,"لم يبدأ",IF(Q40>='الإعدادات والمستهدفات'!B7,"مستوفى بالكامل","قيد الاستيفاء"))))
F41: =IF(A41="","",IF(E41="جميع العاملين بالمنشأة",COUNTIF('سجل الموظفين والكفاءة'!G:G,"موظف قائم")+COUNTIF('سجل الموظفين والكفاءة'!G:G,"موظف جديد " & 'الإعدادات والمستهدفات'!B4),COUNTIF('سجل الموظفين والكفاءة'!E:E,E41))) | N41: =IF(A41="","",ROUNDUP(F41/'الإعدادات والمستهدفات'!B12,0)) | O41: =IF(A41="","",F41*J41) | P41: =IF(A41="","",COUNTIFS('[2]سجل الحضور والتنفيذ'!A:A,A41,'[2]سجل الحضور والتنفيذ'!H:H,"حاضر")) | Q41: =IF(OR(A41="",F41=0),"",P41/F41) | R41: =IF(A41="","",IF(F41=0,"لا ينطبق",IF(P41=0,"لم يبدأ",IF(Q41>='الإعدادات والمستهدفات'!B7,"مستوفى بالكامل","قيد الاستيفاء"))))
F42: =IF(A42="","",IF(E42="جميع العاملين بالمنشأة",COUNTIF('سجل الموظفين والكفاءة'!G:G,"موظف قائم")+COUNTIF('سجل الموظفين والكفاءة'!G:G,"موظف جديد " & 'الإعدادات والمستهدفات'!B4),COUNTIF('سجل الموظفين والكفاءة'!E:E,E42))) | N42: =IF(A42="","",ROUNDUP(F42/'الإعدادات والمستهدفات'!B12,0)) | O42: =IF(A42="","",F42*J42) | P42: =IF(A42="","",COUNTIFS('[2]سجل الحضور والتنفيذ'!A:A,A42,'[2]سجل الحضور والتنفيذ'!H:H,"حاضر")) | Q42: =IF(OR(A42="",F42=0),"",P42/F42) | R42: =IF(A42="","",IF(F42=0,"لا ينطبق",IF(P42=0,"لم يبدأ",IF(Q42>='الإعدادات والمستهدفات'!B7,"مستوفى بالكامل","قيد الاستيفاء"))))
F43: =IF(A43="","",IF(E43="جميع العاملين بالمنشأة",COUNTIF('سجل الموظفين والكفاءة'!G:G,"موظف قائم")+COUNTIF('سجل الموظفين والكفاءة'!G:G,"موظف جديد " & 'الإعدادات والمستهدفات'!B4),COUNTIF('سجل الموظفين والكفاءة'!E:E,E43))) | N43: =IF(A43="","",ROUNDUP(F43/'الإعدادات والمستهدفات'!B12,0)) | O43: =IF(A43="","",F43*J43) | P43: =IF(A43="","",COUNTIFS('[2]سجل الحضور والتنفيذ'!A:A,A43,'[2]سجل الحضور والتنفيذ'!H:H,"حاضر")) | Q43: =IF(OR(A43="",F43=0),"",P43/F43) | R43: =IF(A43="","",IF(F43=0,"لا ينطبق",IF(P43=0,"لم يبدأ",IF(Q43>='الإعدادات والمستهدفات'!B7,"مستوفى بالكامل","قيد الاستيفاء"))))
F44: =IF(A44="","",IF(E44="جميع العاملين بالمنشأة",COUNTIF('سجل الموظفين والكفاءة'!G:G,"موظف قائم")+COUNTIF('سجل الموظفين والكفاءة'!G:G,"موظف جديد " & 'الإعدادات والمستهدفات'!B4),COUNTIF('سجل الموظفين والكفاءة'!E:E,E44))) | N44: =IF(A44="","",ROUNDUP(F44/'الإعدادات والمستهدفات'!B12,0)) | O44: =IF(A44="","",F44*J44) | P44: =IF(A44="","",COUNTIFS('[2]سجل الحضور والتنفيذ'!A:A,A44,'[2]سجل الحضور والتنفيذ'!H:H,"حاضر")) | Q44: =IF(OR(A44="",F44=0),"",P44/F44) | R44: =IF(A44="","",IF(F44=0,"لا ينطبق",IF(P44=0,"لم يبدأ",IF(Q44>='الإعدادات والمستهدفات'!B7,"مستوفى بالكامل","قيد الاستيفاء"))))
F45: =IF(A45="","",IF(E45="جميع العاملين بالمنشأة",COUNTIF('سجل الموظفين والكفاءة'!G:G,"موظف قائم")+COUNTIF('سجل الموظفين والكفاءة'!G:G,"موظف جديد " & 'الإعدادات والمستهدفات'!B4),COUNTIF('سجل الموظفين والكفاءة'!E:E,E45))) | N45: =IF(A45="","",ROUNDUP(F45/'الإعدادات والمستهدفات'!B12,0)) | O45: =IF(A45="","",F45*J45) | P45: =IF(A45="","",COUNTIFS('[2]سجل الحضور والتنفيذ'!A:A,A45,'[2]سجل الحضور والتنفيذ'!H:H,"حاضر")) | Q45: =IF(OR(A45="",F45=0),"",P45/F45) | R45: =IF(A45="","",IF(F45=0,"لا ينطبق",IF(P45=0,"لم يبدأ",IF(Q45>='الإعدادات والمستهدفات'!B7,"مستوفى بالكامل","قيد الاستيفاء"))))
F46: =IF(A46="","",IF(E46="جميع العاملين بالمنشأة",COUNTIF('سجل الموظفين والكفاءة'!G:G,"موظف قائم")+COUNTIF('سجل الموظفين والكفاءة'!G:G,"موظف جديد " & 'الإعدادات والمستهدفات'!B4),COUNTIF('سجل الموظفين والكفاءة'!E:E,E46))) | N46: =IF(A46="","",ROUNDUP(F46/'الإعدادات والمستهدفات'!B12,0)) | O46: =IF(A46="","",F46*J46) | P46: =IF(A46="","",COUNTIFS('[2]سجل الحضور والتنفيذ'!A:A,A46,'[2]سجل الحضور والتنفيذ'!H:H,"حاضر")) | Q46: =IF(OR(A46="",F46=0),"",P46/F46) | R46: =IF(A46="","",IF(F46=0,"لا ينطبق",IF(P46=0,"لم يبدأ",IF(Q46>='الإعدادات والمستهدفات'!B7,"مستوفى بالكامل","قيد الاستيفاء"))))
F47: =IF(A47="","",IF(E47="جميع العاملين بالمنشأة",COUNTIF('سجل الموظفين والكفاءة'!G:G,"موظف قائم")+COUNTIF('سجل الموظفين والكفاءة'!G:G,"موظف جديد " & 'الإعدادات والمستهدفات'!B4),COUNTIF('سجل الموظفين والكفاءة'!E:E,E47))) | N47: =IF(A47="","",ROUNDUP(F47/'الإعدادات والمستهدفات'!B12,0)) | O47: =IF(A47="","",F47*J47) | P47: =IF(A47="","",COUNTIFS('[2]سجل الحضور والتنفيذ'!A:A,A47,'[2]سجل الحضور والتنفيذ'!H:H,"حاضر")) | Q47: =IF(OR(A47="",F47=0),"",P47/F47) | R47: =IF(A47="","",IF(F47=0,"لا ينطبق",IF(P47=0,"لم يبدأ",IF(Q47>='الإعدادات والمستهدفات'!B7,"مستوفى بالكامل","قيد الاستيفاء"))))
F48: =IF(A48="","",IF(E48="جميع العاملين بالمنشأة",COUNTIF('سجل الموظفين والكفاءة'!G:G,"موظف قائم")+COUNTIF('سجل الموظفين والكفاءة'!G:G,"موظف جديد " & 'الإعدادات والمستهدفات'!B4),COUNTIF('سجل الموظفين والكفاءة'!E:E,E48))) | N48: =IF(A48="","",ROUNDUP(F48/'الإعدادات والمستهدفات'!B12,0)) | O48: =IF(A48="","",F48*J48) | P48: =IF(A48="","",COUNTIFS('[2]سجل الحضور والتنفيذ'!A:A,A48,'[2]سجل الحضور والتنفيذ'!H:H,"حاضر")) | Q48: =IF(OR(A48="",F48=0),"",P48/F48) | R48: =IF(A48="","",IF(F48=0,"لا ينطبق",IF(P48=0,"لم يبدأ",IF(Q48>='الإعدادات والمستهدفات'!B7,"مستوفى بالكامل","قيد الاستيفاء"))))
F49: =IF(A49="","",IF(E49="جميع العاملين بالمنشأة",COUNTIF('سجل الموظفين والكفاءة'!G:G,"موظف قائم")+COUNTIF('سجل الموظفين والكفاءة'!G:G,"موظف جديد " & 'الإعدادات والمستهدفات'!B4),COUNTIF('سجل الموظفين والكفاءة'!E:E,E49))) | N49: =IF(A49="","",ROUNDUP(F49/'الإعدادات والمستهدفات'!B12,0)) | O49: =IF(A49="","",F49*J49) | P49: =IF(A49="","",COUNTIFS('[2]سجل الحضور والتنفيذ'!A:A,A49,'[2]سجل الحضور والتنفيذ'!H:H,"حاضر")) | Q49: =IF(OR(A49="",F49=0),"",P49/F49) | R49: =IF(A49="","",IF(F49=0,"لا ينطبق",IF(P49=0,"لم يبدأ",IF(Q49>='الإعدادات والمستهدفات'!B7,"مستوفى بالكامل","قيد الاستيفاء"))))
F50: =IF(A50="","",IF(E50="جميع العاملين بالمنشأة",COUNTIF('سجل الموظفين والكفاءة'!G:G,"موظف قائم")+COUNTIF('سجل الموظفين والكفاءة'!G:G,"موظف جديد " & 'الإعدادات والمستهدفات'!B4),COUNTIF('سجل الموظفين والكفاءة'!E:E,E50))) | N50: =IF(A50="","",ROUNDUP(F50/'الإعدادات والمستهدفات'!B12,0)) | O50: =IF(A50="","",F50*J50) | P50: =IF(A50="","",COUNTIFS('[2]سجل الحضور والتنفيذ'!A:A,A50,'[2]سجل الحضور والتنفيذ'!H:H,"حاضر")) | Q50: =IF(OR(A50="",F50=0),"",P50/F50) | R50: =IF(A50="","",IF(F50=0,"لا ينطبق",IF(P50=0,"لم يبدأ",IF(Q50>='الإعدادات والمستهدفات'!B7,"مستوفى بالكامل","قيد الاستيفاء"))))
F51: =IF(A51="","",IF(E51="جميع العاملين بالمنشأة",COUNTIF('سجل الموظفين والكفاءة'!G:G,"موظف قائم")+COUNTIF('سجل الموظفين والكفاءة'!G:G,"موظف جديد " & 'الإعدادات والمستهدفات'!B4),COUNTIF('سجل الموظفين والكفاءة'!E:E,E51))) | N51: =IF(A51="","",ROUNDUP(F51/'الإعدادات والمستهدفات'!B12,0)) | O51: =IF(A51="","",F51*J51) | P51: =IF(A51="","",COUNTIFS('[2]سجل الحضور والتنفيذ'!A:A,A51,'[2]سجل الحضور والتنفيذ'!H:H,"حاضر")) | Q51: =IF(OR(A51="",F51=0),"",P51/F51) | R51: =IF(A51="","",IF(F51=0,"لا ينطبق",IF(P51=0,"لم يبدأ",IF(Q51>='الإعدادات والمستهدفات'!B7,"مستوفى بالكامل","قيد الاستيفاء"))))
F52: =IF(A52="","",IF(E52="جميع العاملين بالمنشأة",COUNTIF('سجل الموظفين والكفاءة'!G:G,"موظف قائم")+COUNTIF('سجل الموظفين والكفاءة'!G:G,"موظف جديد " & 'الإعدادات والمستهدفات'!B4),COUNTIF('سجل الموظفين والكفاءة'!E:E,E52))) | N52: =IF(A52="","",ROUNDUP(F52/'الإعدادات والمستهدفات'!B12,0)) | O52: =IF(A52="","",F52*J52) | P52: =IF(A52="","",COUNTIFS('[2]سجل الحضور والتنفيذ'!A:A,A52,'[2]سجل الحضور والتنفيذ'!H:H,"حاضر")) | Q52: =IF(OR(A52="",F52=0),"",P52/F52) | R52: =IF(A52="","",IF(F52=0,"لا ينطبق",IF(P52=0,"لم يبدأ",IF(Q52>='الإعدادات والمستهدفات'!B7,"مستوفى بالكامل","قيد الاستيفاء"))))
F53: =IF(A53="","",IF(E53="جميع العاملين بالمنشأة",COUNTIF('سجل الموظفين والكفاءة'!G:G,"موظف قائم")+COUNTIF('سجل الموظفين والكفاءة'!G:G,"موظف جديد " & 'الإعدادات والمستهدفات'!B4),COUNTIF('سجل الموظفين والكفاءة'!E:E,E53))) | N53: =IF(A53="","",ROUNDUP(F53/'الإعدادات والمستهدفات'!B12,0)) | O53: =IF(A53="","",F53*J53) | P53: =IF(A53="","",COUNTIFS('[2]سجل الحضور والتنفيذ'!A:A,A53,'[2]سجل الحضور والتنفيذ'!H:H,"حاضر")) | Q53: =IF(OR(A53="",F53=0),"",P53/F53) | R53: =IF(A53="","",IF(F53=0,"لا ينطبق",IF(P53=0,"لم يبدأ",IF(Q53>='الإعدادات والمستهدفات'!B7,"مستوفى بالكامل","قيد الاستيفاء"))))
F54: =IF(A54="","",IF(E54="جميع العاملين بالمنشأة",COUNTIF('سجل الموظفين والكفاءة'!G:G,"موظف قائم")+COUNTIF('سجل الموظفين والكفاءة'!G:G,"موظف جديد " & 'الإعدادات والمستهدفات'!B4),COUNTIF('سجل الموظفين والكفاءة'!E:E,E54))) | N54: =IF(A54="","",ROUNDUP(F54/'الإعدادات والمستهدفات'!B12,0)) | O54: =IF(A54="","",F54*J54) | P54: =IF(A54="","",COUNTIFS('[2]سجل الحضور والتنفيذ'!A:A,A54,'[2]سجل الحضور والتنفيذ'!H:H,"حاضر")) | Q54: =IF(OR(A54="",F54=0),"",P54/F54) | R54: =IF(A54="","",IF(F54=0,"لا ينطبق",IF(P54=0,"لم يبدأ",IF(Q54>='الإعدادات والمستهدفات'!B7,"مستوفى بالكامل","قيد الاستيفاء"))))
F55: =IF(A55="","",IF(E55="جميع العاملين بالمنشأة",COUNTIF('سجل الموظفين والكفاءة'!G:G,"موظف قائم")+COUNTIF('سجل الموظفين والكفاءة'!G:G,"موظف جديد " & 'الإعدادات والمستهدفات'!B4),COUNTIF('سجل الموظفين والكفاءة'!E:E,E55))) | N55: =IF(A55="","",ROUNDUP(F55/'الإعدادات والمستهدفات'!B12,0)) | O55: =IF(A55="","",F55*J55) | P55: =IF(A55="","",COUNTIFS('[2]سجل الحضور والتنفيذ'!A:A,A55,'[2]سجل الحضور والتنفيذ'!H:H,"حاضر")) | Q55: =IF(OR(A55="",F55=0),"",P55/F55) | R55: =IF(A55="","",IF(F55=0,"لا ينطبق",IF(P55=0,"لم يبدأ",IF(Q55>='الإعدادات والمستهدفات'!B7,"مستوفى بالكامل","قيد الاستيفاء"))))
F56: =IF(A56="","",IF(E56="جميع العاملين بالمنشأة",COUNTIF('سجل الموظفين والكفاءة'!G:G,"موظف قائم")+COUNTIF('سجل الموظفين والكفاءة'!G:G,"موظف جديد " & 'الإعدادات والمستهدفات'!B4),COUNTIF('سجل الموظفين والكفاءة'!E:E,E56))) | N56: =IF(A56="","",ROUNDUP(F56/'الإعدادات والمستهدفات'!B12,0)) | O56: =IF(A56="","",F56*J56) | P56: =IF(A56="","",COUNTIFS('[2]سجل الحضور والتنفيذ'!A:A,A56,'[2]سجل الحضور والتنفيذ'!H:H,"حاضر")) | Q56: =IF(OR(A56="",F56=0),"",P56/F56) | R56: =IF(A56="","",IF(F56=0,"لا ينطبق",IF(P56=0,"لم يبدأ",IF(Q56>='الإعدادات والمستهدفات'!B7,"مستوفى بالكامل","قيد الاستيفاء"))))
F57: =IF(A57="","",IF(E57="جميع العاملين بالمنشأة",COUNTIF('سجل الموظفين والكفاءة'!G:G,"موظف قائم")+COUNTIF('سجل الموظفين والكفاءة'!G:G,"موظف جديد " & 'الإعدادات والمستهدفات'!B4),COUNTIF('سجل الموظفين والكفاءة'!E:E,E57))) | N57: =IF(A57="","",ROUNDUP(F57/'الإعدادات والمستهدفات'!B12,0)) | O57: =IF(A57="","",F57*J57) | P57: =IF(A57="","",COUNTIFS('[2]سجل الحضور والتنفيذ'!A:A,A57,'[2]سجل الحضور والتنفيذ'!H:H,"حاضر")) | Q57: =IF(OR(A57="",F57=0),"",P57/F57) | R57: =IF(A57="","",IF(F57=0,"لا ينطبق",IF(P57=0,"لم يبدأ",IF(Q57>='الإعدادات والمستهدفات'!B7,"مستوفى بالكامل","قيد الاستيفاء"))))
F58: =IF(A58="","",IF(E58="جميع العاملين بالمنشأة",COUNTIF('سجل الموظفين والكفاءة'!G:G,"موظف قائم")+COUNTIF('سجل الموظفين والكفاءة'!G:G,"موظف جديد " & 'الإعدادات والمستهدفات'!B4),COUNTIF('سجل الموظفين والكفاءة'!E:E,E58))) | N58: =IF(A58="","",ROUNDUP(F58/'الإعدادات والمستهدفات'!B12,0)) | O58: =IF(A58="","",F58*J58) | P58: =IF(A58="","",COUNTIFS('[2]سجل الحضور والتنفيذ'!A:A,A58,'[2]سجل الحضور والتنفيذ'!H:H,"حاضر")) | Q58: =IF(OR(A58="",F58=0),"",P58/F58) | R58: =IF(A58="","",IF(F58=0,"لا ينطبق",IF(P58=0,"لم يبدأ",IF(Q58>='الإعدادات والمستهدفات'!B7,"مستوفى بالكامل","قيد الاستيفاء"))))
F59: =IF(A59="","",IF(E59="جميع العاملين بالمنشأة",COUNTIF('سجل الموظفين والكفاءة'!G:G,"موظف قائم")+COUNTIF('سجل الموظفين والكفاءة'!G:G,"موظف جديد " & 'الإعدادات والمستهدفات'!B4),COUNTIF('سجل الموظفين والكفاءة'!E:E,E59))) | N59: =IF(A59="","",ROUNDUP(F59/'الإعدادات والمستهدفات'!B12,0)) | O59: =IF(A59="","",F59*J59) | P59: =IF(A59="","",COUNTIFS('[2]سجل الحضور والتنفيذ'!A:A,A59,'[2]سجل الحضور والتنفيذ'!H:H,"حاضر")) | Q59: =IF(OR(A59="",F59=0),"",P59/F59) | R59: =IF(A59="","",IF(F59=0,"لا ينطبق",IF(P59=0,"لم يبدأ",IF(Q59>='الإعدادات والمستهدفات'!B7,"مستوفى بالكامل","قيد الاستيفاء"))))
F60: =IF(A60="","",IF(E60="جميع العاملين بالمنشأة",COUNTIF('سجل الموظفين والكفاءة'!G:G,"موظف قائم")+COUNTIF('سجل الموظفين والكفاءة'!G:G,"موظف جديد " & 'الإعدادات والمستهدفات'!B4),COUNTIF('سجل الموظفين والكفاءة'!E:E,E60))) | N60: =IF(A60="","",ROUNDUP(F60/'الإعدادات والمستهدفات'!B12,0)) | O60: =IF(A60="","",F60*J60) | P60: =IF(A60="","",COUNTIFS('[2]سجل الحضور والتنفيذ'!A:A,A60,'[2]سجل الحضور والتنفيذ'!H:H,"حاضر")) | Q60: =IF(OR(A60="",F60=0),"",P60/F60) | R60: =IF(A60="","",IF(F60=0,"لا ينطبق",IF(P60=0,"لم يبدأ",IF(Q60>='الإعدادات والمستهدفات'!B7,"مستوفى بالكامل","قيد الاستيفاء"))))
F61: =IF(A61="","",IF(E61="جميع العاملين بالمنشأة",COUNTIF('سجل الموظفين والكفاءة'!G:G,"موظف قائم")+COUNTIF('سجل الموظفين والكفاءة'!G:G,"موظف جديد " & 'الإعدادات والمستهدفات'!B4),COUNTIF('سجل الموظفين والكفاءة'!E:E,E61))) | N61: =IF(A61="","",ROUNDUP(F61/'الإعدادات والمستهدفات'!B12,0)) | O61: =IF(A61="","",F61*J61) | P61: =IF(A61="","",COUNTIFS('[2]سجل الحضور والتنفيذ'!A:A,A61,'[2]سجل الحضور والتنفيذ'!H:H,"حاضر")) | Q61: =IF(OR(A61="",F61=0),"",P61/F61) | R61: =IF(A61="","",IF(F61=0,"لا ينطبق",IF(P61=0,"لم يبدأ",IF(Q61>='الإعدادات والمستهدفات'!B7,"مستوفى بالكامل","قيد الاستيفاء"))))
F62: =IF(A62="","",IF(E62="جميع العاملين بالمنشأة",COUNTIF('سجل الموظفين والكفاءة'!G:G,"موظف قائم")+COUNTIF('سجل الموظفين والكفاءة'!G:G,"موظف جديد " & 'الإعدادات والمستهدفات'!B4),COUNTIF('سجل الموظفين والكفاءة'!E:E,E62))) | N62: =IF(A62="","",ROUNDUP(F62/'الإعدادات والمستهدفات'!B12,0)) | O62: =IF(A62="","",F62*J62) | P62: =IF(A62="","",COUNTIFS('[2]سجل الحضور والتنفيذ'!A:A,A62,'[2]سجل الحضور والتنفيذ'!H:H,"حاضر")) | Q62: =IF(OR(A62="",F62=0),"",P62/F62) | R62: =IF(A62="","",IF(F62=0,"لا ينطبق",IF(P62=0,"لم يبدأ",IF(Q62>='الإعدادات والمستهدفات'!B7,"مستوفى بالكامل","قيد الاستيفاء"))))
F63: =IF(A63="","",IF(E63="جميع العاملين بالمنشأة",COUNTIF('سجل الموظفين والكفاءة'!G:G,"موظف قائم")+COUNTIF('سجل الموظفين والكفاءة'!G:G,"موظف جديد " & 'الإعدادات والمستهدفات'!B4),COUNTIF('سجل الموظفين والكفاءة'!E:E,E63))) | N63: =IF(A63="","",ROUNDUP(F63/'الإعدادات والمستهدفات'!B12,0)) | O63: =IF(A63="","",F63*J63) | P63: =IF(A63="","",COUNTIFS('[2]سجل الحضور والتنفيذ'!A:A,A63,'[2]سجل الحضور والتنفيذ'!H:H,"حاضر")) | Q63: =IF(OR(A63="",F63=0),"",P63/F63) | R63: =IF(A63="","",IF(F63=0,"لا ينطبق",IF(P63=0,"لم يبدأ",IF(Q63>='الإعدادات والمستهدفات'!B7,"مستوفى بالكامل","قيد الاستيفاء"))))
F64: =IF(A64="","",IF(E64="جميع العاملين بالمنشأة",COUNTIF('سجل الموظفين والكفاءة'!G:G,"موظف قائم")+COUNTIF('سجل الموظفين والكفاءة'!G:G,"موظف جديد " & 'الإعدادات والمستهدفات'!B4),COUNTIF('سجل الموظفين والكفاءة'!E:E,E64))) | N64: =IF(A64="","",ROUNDUP(F64/'الإعدادات والمستهدفات'!B12,0)) | O64: =IF(A64="","",F64*J64) | P64: =IF(A64="","",COUNTIFS('[2]سجل الحضور والتنفيذ'!A:A,A64,'[2]سجل الحضور والتنفيذ'!H:H,"حاضر")) | Q64: =IF(OR(A64="",F64=0),"",P64/F64) | R64: =IF(A64="","",IF(F64=0,"لا ينطبق",IF(P64=0,"لم يبدأ",IF(Q64>='الإعدادات والمستهدفات'!B7,"مستوفى بالكامل","قيد الاستيفاء"))))
F65: =IF(A65="","",IF(E65="جميع العاملين بالمنشأة",COUNTIF('سجل الموظفين والكفاءة'!G:G,"موظف قائم")+COUNTIF('سجل الموظفين والكفاءة'!G:G,"موظف جديد " & 'الإعدادات والمستهدفات'!B4),COUNTIF('سجل الموظفين والكفاءة'!E:E,E65))) | N65: =IF(A65="","",ROUNDUP(F65/'الإعدادات والمستهدفات'!B12,0)) | O65: =IF(A65="","",F65*J65) | P65: =IF(A65="","",COUNTIFS('[2]سجل الحضور والتنفيذ'!A:A,A65,'[2]سجل الحضور والتنفيذ'!H:H,"حاضر")) | Q65: =IF(OR(A65="",F65=0),"",P65/F65) | R65: =IF(A65="","",IF(F65=0,"لا ينطبق",IF(P65=0,"لم يبدأ",IF(Q65>='الإعدادات والمستهدفات'!B7,"مستوفى بالكامل","قيد الاستيفاء"))))
F66: =IF(A66="","",IF(E66="جميع العاملين بالمنشأة",COUNTIF('سجل الموظفين والكفاءة'!G:G,"موظف قائم")+COUNTIF('سجل الموظفين والكفاءة'!G:G,"موظف جديد " & 'الإعدادات والمستهدفات'!B4),COUNTIF('سجل الموظفين والكفاءة'!E:E,E66))) | N66: =IF(A66="","",ROUNDUP(F66/'الإعدادات والمستهدفات'!B12,0)) | O66: =IF(A66="","",F66*J66) | P66: =IF(A66="","",COUNTIFS('[2]سجل الحضور والتنفيذ'!A:A,A66,'[2]سجل الحضور والتنفيذ'!H:H,"حاضر")) | Q66: =IF(OR(A66="",F66=0),"",P66/F66) | R66: =IF(A66="","",IF(F66=0,"لا ينطبق",IF(P66=0,"لم يبدأ",IF(Q66>='الإعدادات والمستهدفات'!B7,"مستوفى بالكامل","قيد الاستيفاء"))))
F67: =IF(A67="","",IF(E67="جميع العاملين بالمنشأة",COUNTIF('سجل الموظفين والكفاءة'!G:G,"موظف قائم")+COUNTIF('سجل الموظفين والكفاءة'!G:G,"موظف جديد " & 'الإعدادات والمستهدفات'!B4),COUNTIF('سجل الموظفين والكفاءة'!E:E,E67))) | N67: =IF(A67="","",ROUNDUP(F67/'الإعدادات والمستهدفات'!B12,0)) | O67: =IF(A67="","",F67*J67) | P67: =IF(A67="","",COUNTIFS('[2]سجل الحضور والتنفيذ'!A:A,A67,'[2]سجل الحضور والتنفيذ'!H:H,"حاضر")) | Q67: =IF(OR(A67="",F67=0),"",P67/F67) | R67: =IF(A67="","",IF(F67=0,"لا ينطبق",IF(P67=0,"لم يبدأ",IF(Q67>='الإعدادات والمستهدفات'!B7,"مستوفى بالكامل","قيد الاستيفاء"))))
F68: =IF(A68="","",IF(E68="جميع العاملين بالمنشأة",COUNTIF('سجل الموظفين والكفاءة'!G:G,"موظف قائم")+COUNTIF('سجل الموظفين والكفاءة'!G:G,"موظف جديد " & 'الإعدادات والمستهدفات'!B4),COUNTIF('سجل الموظفين والكفاءة'!E:E,E68))) | N68: =IF(A68="","",ROUNDUP(F68/'الإعدادات والمستهدفات'!B12,0)) | O68: =IF(A68="","",F68*J68) | P68: =IF(A68="","",COUNTIFS('[2]سجل الحضور والتنفيذ'!A:A,A68,'[2]سجل الحضور والتنفيذ'!H:H,"حاضر")) | Q68: =IF(OR(A68="",F68=0),"",P68/F68) | R68: =IF(A68="","",IF(F68=0,"لا ينطبق",IF(P68=0,"لم يبدأ",IF(Q68>='الإعدادات والمستهدفات'!B7,"مستوفى بالكامل","قيد الاستيفاء"))))
F69: =IF(A69="","",IF(E69="جميع العاملين بالمنشأة",COUNTIF('سجل الموظفين والكفاءة'!G:G,"موظف قائم")+COUNTIF('سجل الموظفين والكفاءة'!G:G,"موظف جديد " & 'الإعدادات والمستهدفات'!B4),COUNTIF('سجل الموظفين والكفاءة'!E:E,E69))) | N69: =IF(A69="","",ROUNDUP(F69/'الإعدادات والمستهدفات'!B12,0)) | O69: =IF(A69="","",F69*J69) | P69: =IF(A69="","",COUNTIFS('[2]سجل الحضور والتنفيذ'!A:A,A69,'[2]سجل الحضور والتنفيذ'!H:H,"حاضر")) | Q69: =IF(OR(A69="",F69=0),"",P69/F69) | R69: =IF(A69="","",IF(F69=0,"لا ينطبق",IF(P69=0,"لم يبدأ",IF(Q69>='الإعدادات والمستهدفات'!B7,"مستوفى بالكامل","قيد الاستيفاء"))))
F70: =IF(A70="","",IF(E70="جميع العاملين بالمنشأة",COUNTIF('سجل الموظفين والكفاءة'!G:G,"موظف قائم")+COUNTIF('سجل الموظفين والكفاءة'!G:G,"موظف جديد " & 'الإعدادات والمستهدفات'!B4),COUNTIF('سجل الموظفين والكفاءة'!E:E,E70))) | N70: =IF(A70="","",ROUNDUP(F70/'الإعدادات والمستهدفات'!B12,0)) | O70: =IF(A70="","",F70*J70) | P70: =IF(A70="","",COUNTIFS('[2]سجل الحضور والتنفيذ'!A:A,A70,'[2]سجل الحضور والتنفيذ'!H:H,"حاضر")) | Q70: =IF(OR(A70="",F70=0),"",P70/F70) | R70: =IF(A70="","",IF(F70=0,"لا ينطبق",IF(P70=0,"لم يبدأ",IF(Q70>='الإعدادات والمستهدفات'!B7,"مستوفى بالكامل","قيد الاستيفاء"))))
F71: =IF(A71="","",IF(E71="جميع العاملين بالمنشأة",COUNTIF('سجل الموظفين والكفاءة'!G:G,"موظف قائم")+COUNTIF('سجل الموظفين والكفاءة'!G:G,"موظف جديد " & 'الإعدادات والمستهدفات'!B4),COUNTIF('سجل الموظفين والكفاءة'!E:E,E71))) | N71: =IF(A71="","",ROUNDUP(F71/'الإعدادات والمستهدفات'!B12,0)) | O71: =IF(A71="","",F71*J71) | P71: =IF(A71="","",COUNTIFS('[2]سجل الحضور والتنفيذ'!A:A,A71,'[2]سجل الحضور والتنفيذ'!H:H,"حاضر")) | Q71: =IF(OR(A71="",F71=0),"",P71/F71) | R71: =IF(A71="","",IF(F71=0,"لا ينطبق",IF(P71=0,"لم يبدأ",IF(Q71>='الإعدادات والمستهدفات'!B7,"مستوفى بالكامل","قيد الاستيفاء"))))
F72: =IF(A72="","",IF(E72="جميع العاملين بالمنشأة",COUNTIF('سجل الموظفين والكفاءة'!G:G,"موظف قائم")+COUNTIF('سجل الموظفين والكفاءة'!G:G,"موظف جديد " & 'الإعدادات والمستهدفات'!B4),COUNTIF('سجل الموظفين والكفاءة'!E:E,E72))) | N72: =IF(A72="","",ROUNDUP(F72/'الإعدادات والمستهدفات'!B12,0)) | O72: =IF(A72="","",F72*J72) | P72: =IF(A72="","",COUNTIFS('[2]سجل الحضور والتنفيذ'!A:A,A72,'[2]سجل الحضور والتنفيذ'!H:H,"حاضر")) | Q72: =IF(OR(A72="",F72=0),"",P72/F72) | R72: =IF(A72="","",IF(F72=0,"لا ينطبق",IF(P72=0,"لم يبدأ",IF(Q72>='الإعدادات والمستهدفات'!B7,"مستوفى بالكامل","قيد الاستيفاء"))))
F73: =IF(A73="","",IF(E73="جميع العاملين بالمنشأة",COUNTIF('سجل الموظفين والكفاءة'!G:G,"موظف قائم")+COUNTIF('سجل الموظفين والكفاءة'!G:G,"موظف جديد " & 'الإعدادات والمستهدفات'!B4),COUNTIF('سجل الموظفين والكفاءة'!E:E,E73))) | N73: =IF(A73="","",ROUNDUP(F73/'الإعدادات والمستهدفات'!B12,0)) | O73: =IF(A73="","",F73*J73) | P73: =IF(A73="","",COUNTIFS('[2]سجل الحضور والتنفيذ'!A:A,A73,'[2]سجل الحضور والتنفيذ'!H:H,"حاضر")) | Q73: =IF(OR(A73="",F73=0),"",P73/F73) | R73: =IF(A73="","",IF(F73=0,"لا ينطبق",IF(P73=0,"لم يبدأ",IF(Q73>='الإعدادات والمستهدفات'!B7,"مستوفى بالكامل","قيد الاستيفاء"))))
F74: =IF(A74="","",IF(E74="جميع العاملين بالمنشأة",COUNTIF('سجل الموظفين والكفاءة'!G:G,"موظف قائم")+COUNTIF('سجل الموظفين والكفاءة'!G:G,"موظف جديد " & 'الإعدادات والمستهدفات'!B4),COUNTIF('سجل الموظفين والكفاءة'!E:E,E74))) | N74: =IF(A74="","",ROUNDUP(F74/'الإعدادات والمستهدفات'!B12,0)) | O74: =IF(A74="","",F74*J74) | P74: =IF(A74="","",COUNTIFS('[2]سجل الحضور والتنفيذ'!A:A,A74,'[2]سجل الحضور والتنفيذ'!H:H,"حاضر")) | Q74: =IF(OR(A74="",F74=0),"",P74/F74) | R74: =IF(A74="","",IF(F74=0,"لا ينطبق",IF(P74=0,"لم يبدأ",IF(Q74>='الإعدادات والمستهدفات'!B7,"مستوفى بالكامل","قيد الاستيفاء"))))
F75: =IF(A75="","",IF(E75="جميع العاملين بالمنشأة",COUNTIF('سجل الموظفين والكفاءة'!G:G,"موظف قائم")+COUNTIF('سجل الموظفين والكفاءة'!G:G,"موظف جديد " & 'الإعدادات والمستهدفات'!B4),COUNTIF('سجل الموظفين والكفاءة'!E:E,E75))) | N75: =IF(A75="","",ROUNDUP(F75/'الإعدادات والمستهدفات'!B12,0)) | O75: =IF(A75="","",F75*J75) | P75: =IF(A75="","",COUNTIFS('[2]سجل الحضور والتنفيذ'!A:A,A75,'[2]سجل الحضور والتنفيذ'!H:H,"حاضر")) | Q75: =IF(OR(A75="",F75=0),"",P75/F75) | R75: =IF(A75="","",IF(F75=0,"لا ينطبق",IF(P75=0,"لم يبدأ",IF(Q75>='الإعدادات والمستهدفات'!B7,"مستوفى بالكامل","قيد الاستيفاء"))))
F76: =IF(A76="","",IF(E76="جميع العاملين بالمنشأة",COUNTIF('سجل الموظفين والكفاءة'!G:G,"موظف قائم")+COUNTIF('سجل الموظفين والكفاءة'!G:G,"موظف جديد " & 'الإعدادات والمستهدفات'!B4),COUNTIF('سجل الموظفين والكفاءة'!E:E,E76))) | N76: =IF(A76="","",ROUNDUP(F76/'الإعدادات والمستهدفات'!B12,0)) | O76: =IF(A76="","",F76*J76) | P76: =IF(A76="","",COUNTIFS('[2]سجل الحضور والتنفيذ'!A:A,A76,'[2]سجل الحضور والتنفيذ'!H:H,"حاضر")) | Q76: =IF(OR(A76="",F76=0),"",P76/F76) | R76: =IF(A76="","",IF(F76=0,"لا ينطبق",IF(P76=0,"لم يبدأ",IF(Q76>='الإعدادات والمستهدفات'!B7,"مستوفى بالكامل","قيد الاستيفاء"))))
F77: =IF(A77="","",IF(E77="جميع العاملين بالمنشأة",COUNTIF('سجل الموظفين والكفاءة'!G:G,"موظف قائم")+COUNTIF('سجل الموظفين والكفاءة'!G:G,"موظف جديد " & 'الإعدادات والمستهدفات'!B4),COUNTIF('سجل الموظفين والكفاءة'!E:E,E77))) | N77: =IF(A77="","",ROUNDUP(F77/'الإعدادات والمستهدفات'!B12,0)) | O77: =IF(A77="","",F77*J77) | P77: =IF(A77="","",COUNTIFS('[2]سجل الحضور والتنفيذ'!A:A,A77,'[2]سجل الحضور والتنفيذ'!H:H,"حاضر")) | Q77: =IF(OR(A77="",F77=0),"",P77/F77) | R77: =IF(A77="","",IF(F77=0,"لا ينطبق",IF(P77=0,"لم يبدأ",IF(Q77>='الإعدادات والمستهدفات'!B7,"مستوفى بالكامل","قيد الاستيفاء"))))
F78: =IF(A78="","",IF(E78="جميع العاملين بالمنشأة",COUNTIF('سجل الموظفين والكفاءة'!G:G,"موظف قائم")+COUNTIF('سجل الموظفين والكفاءة'!G:G,"موظف جديد " & 'الإعدادات والمستهدفات'!B4),COUNTIF('سجل الموظفين والكفاءة'!E:E,E78))) | N78: =IF(A78="","",ROUNDUP(F78/'الإعدادات والمستهدفات'!B12,0)) | O78: =IF(A78="","",F78*J78) | P78: =IF(A78="","",COUNTIFS('[2]سجل الحضور والتنفيذ'!A:A,A78,'[2]سجل الحضور والتنفيذ'!H:H,"حاضر")) | Q78: =IF(OR(A78="",F78=0),"",P78/F78) | R78: =IF(A78="","",IF(F78=0,"لا ينطبق",IF(P78=0,"لم يبدأ",IF(Q78>='الإعدادات والمستهدفات'!B7,"مستوفى بالكامل","قيد الاستيفاء"))))
F79: =IF(A79="","",IF(E79="جميع العاملين بالمنشأة",COUNTIF('سجل الموظفين والكفاءة'!G:G,"موظف قائم")+COUNTIF('سجل الموظفين والكفاءة'!G:G,"موظف جديد " & 'الإعدادات والمستهدفات'!B4),COUNTIF('سجل الموظفين والكفاءة'!E:E,E79))) | N79: =IF(A79="","",ROUNDUP(F79/'الإعدادات والمستهدفات'!B12,0)) | O79: =IF(A79="","",F79*J79) | P79: =IF(A79="","",COUNTIFS('[2]سجل الحضور والتنفيذ'!A:A,A79,'[2]سجل الحضور والتنفيذ'!H:H,"حاضر")) | Q79: =IF(OR(A79="",F79=0),"",P79/F79) | R79: =IF(A79="","",IF(F79=0,"لا ينطبق",IF(P79=0,"لم يبدأ",IF(Q79>='الإعدادات والمستهدفات'!B7,"مستوفى بالكامل","قيد الاستيفاء"))))
F80: =IF(A80="","",IF(E80="جميع العاملين بالمنشأة",COUNTIF('سجل الموظفين والكفاءة'!G:G,"موظف قائم")+COUNTIF('سجل الموظفين والكفاءة'!G:G,"موظف جديد " & 'الإعدادات والمستهدفات'!B4),COUNTIF('سجل الموظفين والكفاءة'!E:E,E80))) | N80: =IF(A80="","",ROUNDUP(F80/'الإعدادات والمستهدفات'!B12,0)) | O80: =IF(A80="","",F80*J80) | P80: =IF(A80="","",COUNTIFS('[2]سجل الحضور والتنفيذ'!A:A,A80,'[2]سجل الحضور والتنفيذ'!H:H,"حاضر")) | Q80: =IF(OR(A80="",F80=0),"",P80/F80) | R80: =IF(A80="","",IF(F80=0,"لا ينطبق",IF(P80=0,"لم يبدأ",IF(Q80>='الإعدادات والمستهدفات'!B7,"مستوفى بالكامل","قيد الاستيفاء"))))
F81: =IF(A81="","",IF(E81="جميع العاملين بالمنشأة",COUNTIF('سجل الموظفين والكفاءة'!G:G,"موظف قائم")+COUNTIF('سجل الموظفين والكفاءة'!G:G,"موظف جديد " & 'الإعدادات والمستهدفات'!B4),COUNTIF('سجل الموظفين والكفاءة'!E:E,E81))) | N81: =IF(A81="","",ROUNDUP(F81/'الإعدادات والمستهدفات'!B12,0)) | O81: =IF(A81="","",F81*J81) | P81: =IF(A81="","",COUNTIFS('[2]سجل الحضور والتنفيذ'!A:A,A81,'[2]سجل الحضور والتنفيذ'!H:H,"حاضر")) | Q81: =IF(OR(A81="",F81=0),"",P81/F81) | R81: =IF(A81="","",IF(F81=0,"لا ينطبق",IF(P81=0,"لم يبدأ",IF(Q81>='الإعدادات والمستهدفات'!B7,"مستوفى بالكامل","قيد الاستيفاء"))))
F82: =IF(A82="","",IF(E82="جميع العاملين بالمنشأة",COUNTIF('سجل الموظفين والكفاءة'!G:G,"موظف قائم")+COUNTIF('سجل الموظفين والكفاءة'!G:G,"موظف جديد " & 'الإعدادات والمستهدفات'!B4),COUNTIF('سجل الموظفين والكفاءة'!E:E,E82))) | N82: =IF(A82="","",ROUNDUP(F82/'الإعدادات والمستهدفات'!B12,0)) | O82: =IF(A82="","",F82*J82) | P82: =IF(A82="","",COUNTIFS('[2]سجل الحضور والتنفيذ'!A:A,A82,'[2]سجل الحضور والتنفيذ'!H:H,"حاضر")) | Q82: =IF(OR(A82="",F82=0),"",P82/F82) | R82: =IF(A82="","",IF(F82=0,"لا ينطبق",IF(P82=0,"لم يبدأ",IF(Q82>='الإعدادات والمستهدفات'!B7,"مستوفى بالكامل","قيد الاستيفاء"))))
F83: =IF(A83="","",IF(E83="جميع العاملين بالمنشأة",COUNTIF('سجل الموظفين والكفاءة'!G:G,"موظف قائم")+COUNTIF('سجل الموظفين والكفاءة'!G:G,"موظف جديد " & 'الإعدادات والمستهدفات'!B4),COUNTIF('سجل الموظفين والكفاءة'!E:E,E83))) | N83: =IF(A83="","",ROUNDUP(F83/'الإعدادات والمستهدفات'!B12,0)) | O83: =IF(A83="","",F83*J83) | P83: =IF(A83="","",COUNTIFS('[2]سجل الحضور والتنفيذ'!A:A,A83,'[2]سجل الحضور والتنفيذ'!H:H,"حاضر")) | Q83: =IF(OR(A83="",F83=0),"",P83/F83) | R83: =IF(A83="","",IF(F83=0,"لا ينطبق",IF(P83=0,"لم يبدأ",IF(Q83>='الإعدادات والمستهدفات'!B7,"مستوفى بالكامل","قيد الاستيفاء"))))
F84: =IF(A84="","",IF(E84="جميع العاملين بالمنشأة",COUNTIF('سجل الموظفين والكفاءة'!G:G,"موظف قائم")+COUNTIF('سجل الموظفين والكفاءة'!G:G,"موظف جديد " & 'الإعدادات والمستهدفات'!B4),COUNTIF('سجل الموظفين والكفاءة'!E:E,E84))) | N84: =IF(A84="","",ROUNDUP(F84/'الإعدادات والمستهدفات'!B12,0)) | O84: =IF(A84="","",F84*J84) | P84: =IF(A84="","",COUNTIFS('[2]سجل الحضور والتنفيذ'!A:A,A84,'[2]سجل الحضور والتنفيذ'!H:H,"حاضر")) | Q84: =IF(OR(A84="",F84=0),"",P84/F84) | R84: =IF(A84="","",IF(F84=0,"لا ينطبق",IF(P84=0,"لم يبدأ",IF(Q84>='الإعدادات والمستهدفات'!B7,"مستوفى بالكامل","قيد الاستيفاء"))))
F85: =IF(A85="","",IF(E85="جميع العاملين بالمنشأة",COUNTIF('سجل الموظفين والكفاءة'!G:G,"موظف قائم")+COUNTIF('سجل الموظفين والكفاءة'!G:G,"موظف جديد " & 'الإعدادات والمستهدفات'!B4),COUNTIF('سجل الموظفين والكفاءة'!E:E,E85))) | N85: =IF(A85="","",ROUNDUP(F85/'الإعدادات والمستهدفات'!B12,0)) | O85: =IF(A85="","",F85*J85) | P85: =IF(A85="","",COUNTIFS('[2]سجل الحضور والتنفيذ'!A:A,A85,'[2]سجل الحضور والتنفيذ'!H:H,"حاضر")) | Q85: =IF(OR(A85="",F85=0),"",P85/F85) | R85: =IF(A85="","",IF(F85=0,"لا ينطبق",IF(P85=0,"لم يبدأ",IF(Q85>='الإعدادات والمستهدفات'!B7,"مستوفى بالكامل","قيد الاستيفاء"))))
F86: =IF(A86="","",IF(E86="جميع العاملين بالمنشأة",COUNTIF('سجل الموظفين والكفاءة'!G:G,"موظف قائم")+COUNTIF('سجل الموظفين والكفاءة'!G:G,"موظف جديد " & 'الإعدادات والمستهدفات'!B4),COUNTIF('سجل الموظفين والكفاءة'!E:E,E86))) | N86: =IF(A86="","",ROUNDUP(F86/'الإعدادات والمستهدفات'!B12,0)) | O86: =IF(A86="","",F86*J86) | P86: =IF(A86="","",COUNTIFS('[2]سجل الحضور والتنفيذ'!A:A,A86,'[2]سجل الحضور والتنفيذ'!H:H,"حاضر")) | Q86: =IF(OR(A86="",F86=0),"",P86/F86) | R86: =IF(A86="","",IF(F86=0,"لا ينطبق",IF(P86=0,"لم يبدأ",IF(Q86>='الإعدادات والمستهدفات'!B7,"مستوفى بالكامل","قيد الاستيفاء"))))
F87: =IF(A87="","",IF(E87="جميع العاملين بالمنشأة",COUNTIF('سجل الموظفين والكفاءة'!G:G,"موظف قائم")+COUNTIF('سجل الموظفين والكفاءة'!G:G,"موظف جديد " & 'الإعدادات والمستهدفات'!B4),COUNTIF('سجل الموظفين والكفاءة'!E:E,E87))) | N87: =IF(A87="","",ROUNDUP(F87/'الإعدادات والمستهدفات'!B12,0)) | O87: =IF(A87="","",F87*J87) | P87: =IF(A87="","",COUNTIFS('[2]سجل الحضور والتنفيذ'!A:A,A87,'[2]سجل الحضور والتنفيذ'!H:H,"حاضر")) | Q87: =IF(OR(A87="",F87=0),"",P87/F87) | R87: =IF(A87="","",IF(F87=0,"لا ينطبق",IF(P87=0,"لم يبدأ",IF(Q87>='الإعدادات والمستهدفات'!B7,"مستوفى بالكامل","قيد الاستيفاء"))))
F88: =IF(A88="","",IF(E88="جميع العاملين بالمنشأة",COUNTIF('سجل الموظفين والكفاءة'!G:G,"موظف قائم")+COUNTIF('سجل الموظفين والكفاءة'!G:G,"موظف جديد " & 'الإعدادات والمستهدفات'!B4),COUNTIF('سجل الموظفين والكفاءة'!E:E,E88))) | N88: =IF(A88="","",ROUNDUP(F88/'الإعدادات والمستهدفات'!B12,0)) | O88: =IF(A88="","",F88*J88) | P88: =IF(A88="","",COUNTIFS('[2]سجل الحضور والتنفيذ'!A:A,A88,'[2]سجل الحضور والتنفيذ'!H:H,"حاضر")) | Q88: =IF(OR(A88="",F88=0),"",P88/F88) | R88: =IF(A88="","",IF(F88=0,"لا ينطبق",IF(P88=0,"لم يبدأ",IF(Q88>='الإعدادات والمستهدفات'!B7,"مستوفى بالكامل","قيد الاستيفاء"))))
F89: =IF(A89="","",IF(E89="جميع العاملين بالمنشأة",COUNTIF('سجل الموظفين والكفاءة'!G:G,"موظف قائم")+COUNTIF('سجل الموظفين والكفاءة'!G:G,"موظف جديد " & 'الإعدادات والمستهدفات'!B4),COUNTIF('سجل الموظفين والكفاءة'!E:E,E89))) | N89: =IF(A89="","",ROUNDUP(F89/'الإعدادات والمستهدفات'!B12,0)) | O89: =IF(A89="","",F89*J89) | P89: =IF(A89="","",COUNTIFS('[2]سجل الحضور والتنفيذ'!A:A,A89,'[2]سجل الحضور والتنفيذ'!H:H,"حاضر")) | Q89: =IF(OR(A89="",F89=0),"",P89/F89) | R89: =IF(A89="","",IF(F89=0,"لا ينطبق",IF(P89=0,"لم يبدأ",IF(Q89>='الإعدادات والمستهدفات'!B7,"مستوفى بالكامل","قيد الاستيفاء"))))
F90: =IF(A90="","",IF(E90="جميع العاملين بالمنشأة",COUNTIF('سجل الموظفين والكفاءة'!G:G,"موظف قائم")+COUNTIF('سجل الموظفين والكفاءة'!G:G,"موظف جديد " & 'الإعدادات والمستهدفات'!B4),COUNTIF('سجل الموظفين والكفاءة'!E:E,E90))) | N90: =IF(A90="","",ROUNDUP(F90/'الإعدادات والمستهدفات'!B12,0)) | O90: =IF(A90="","",F90*J90) | P90: =IF(A90="","",COUNTIFS('[2]سجل الحضور والتنفيذ'!A:A,A90,'[2]سجل الحضور والتنفيذ'!H:H,"حاضر")) | Q90: =IF(OR(A90="",F90=0),"",P90/F90) | R90: =IF(A90="","",IF(F90=0,"لا ينطبق",IF(P90=0,"لم يبدأ",IF(Q90>='الإعدادات والمستهدفات'!B7,"مستوفى بالكامل","قيد الاستيفاء"))))
F91: =IF(A91="","",IF(E91="جميع العاملين بالمنشأة",COUNTIF('سجل الموظفين والكفاءة'!G:G,"موظف قائم")+COUNTIF('سجل الموظفين والكفاءة'!G:G,"موظف جديد " & 'الإعدادات والمستهدفات'!B4),COUNTIF('سجل الموظفين والكفاءة'!E:E,E91))) | N91: =IF(A91="","",ROUNDUP(F91/'الإعدادات والمستهدفات'!B12,0)) | O91: =IF(A91="","",F91*J91) | P91: =IF(A91="","",COUNTIFS('[2]سجل الحضور والتنفيذ'!A:A,A91,'[2]سجل الحضور والتنفيذ'!H:H,"حاضر")) | Q91: =IF(OR(A91="",F91=0),"",P91/F91) | R91: =IF(A91="","",IF(F91=0,"لا ينطبق",IF(P91=0,"لم يبدأ",IF(Q91>='الإعدادات والمستهدفات'!B7,"مستوفى بالكامل","قيد الاستيفاء"))))
F92: =IF(A92="","",IF(E92="جميع العاملين بالمنشأة",COUNTIF('سجل الموظفين والكفاءة'!G:G,"موظف قائم")+COUNTIF('سجل الموظفين والكفاءة'!G:G,"موظف جديد " & 'الإعدادات والمستهدفات'!B4),COUNTIF('سجل الموظفين والكفاءة'!E:E,E92))) | N92: =IF(A92="","",ROUNDUP(F92/'الإعدادات والمستهدفات'!B12,0)) | O92: =IF(A92="","",F92*J92) | P92: =IF(A92="","",COUNTIFS('[2]سجل الحضور والتنفيذ'!A:A,A92,'[2]سجل الحضور والتنفيذ'!H:H,"حاضر")) | Q92: =IF(OR(A92="",F92=0),"",P92/F92) | R92: =IF(A92="","",IF(F92=0,"لا ينطبق",IF(P92=0,"لم يبدأ",IF(Q92>='الإعدادات والمستهدفات'!B7,"مستوفى بالكامل","قيد الاستيفاء"))))
F93: =IF(A93="","",IF(E93="جميع العاملين بالمنشأة",COUNTIF('سجل الموظفين والكفاءة'!G:G,"موظف قائم")+COUNTIF('سجل الموظفين والكفاءة'!G:G,"موظف جديد " & 'الإعدادات والمستهدفات'!B4),COUNTIF('سجل الموظفين والكفاءة'!E:E,E93))) | N93: =IF(A93="","",ROUNDUP(F93/'الإعدادات والمستهدفات'!B12,0)) | O93: =IF(A93="","",F93*J93) | P93: =IF(A93="","",COUNTIFS('[2]سجل الحضور والتنفيذ'!A:A,A93,'[2]سجل الحضور والتنفيذ'!H:H,"حاضر")) | Q93: =IF(OR(A93="",F93=0),"",P93/F93) | R93: =IF(A93="","",IF(F93=0,"لا ينطبق",IF(P93=0,"لم يبدأ",IF(Q93>='الإعدادات والمستهدفات'!B7,"مستوفى بالكامل","قيد الاستيفاء"))))
F94: =IF(A94="","",IF(E94="جميع العاملين بالمنشأة",COUNTIF('سجل الموظفين والكفاءة'!G:G,"موظف قائم")+COUNTIF('سجل الموظفين والكفاءة'!G:G,"موظف جديد " & 'الإعدادات والمستهدفات'!B4),COUNTIF('سجل الموظفين والكفاءة'!E:E,E94))) | N94: =IF(A94="","",ROUNDUP(F94/'الإعدادات والمستهدفات'!B12,0)) | O94: =IF(A94="","",F94*J94) | P94: =IF(A94="","",COUNTIFS('[2]سجل الحضور والتنفيذ'!A:A,A94,'[2]سجل الحضور والتنفيذ'!H:H,"حاضر")) | Q94: =IF(OR(A94="",F94=0),"",P94/F94) | R94: =IF(A94="","",IF(F94=0,"لا ينطبق",IF(P94=0,"لم يبدأ",IF(Q94>='الإعدادات والمستهدفات'!B7,"مستوفى بالكامل","قيد الاستيفاء"))))
F95: =IF(A95="","",IF(E95="جميع العاملين بالمنشأة",COUNTIF('سجل الموظفين والكفاءة'!G:G,"موظف قائم")+COUNTIF('سجل الموظفين والكفاءة'!G:G,"موظف جديد " & 'الإعدادات والمستهدفات'!B4),COUNTIF('سجل الموظفين والكفاءة'!E:E,E95))) | N95: =IF(A95="","",ROUNDUP(F95/'الإعدادات والمستهدفات'!B12,0)) | O95: =IF(A95="","",F95*J95) | P95: =IF(A95="","",COUNTIFS('[2]سجل الحضور والتنفيذ'!A:A,A95,'[2]سجل الحضور والتنفيذ'!H:H,"حاضر")) | Q95: =IF(OR(A95="",F95=0),"",P95/F95) | R95: =IF(A95="","",IF(F95=0,"لا ينطبق",IF(P95=0,"لم يبدأ",IF(Q95>='الإعدادات والمستهدفات'!B7,"مستوفى بالكامل","قيد الاستيفاء"))))
F96: =IF(A96="","",IF(E96="جميع العاملين بالمنشأة",COUNTIF('سجل الموظفين والكفاءة'!G:G,"موظف قائم")+COUNTIF('سجل الموظفين والكفاءة'!G:G,"موظف جديد " & 'الإعدادات والمستهدفات'!B4),COUNTIF('سجل الموظفين والكفاءة'!E:E,E96))) | N96: =IF(A96="","",ROUNDUP(F96/'الإعدادات والمستهدفات'!B12,0)) | O96: =IF(A96="","",F96*J96) | P96: =IF(A96="","",COUNTIFS('[2]سجل الحضور والتنفيذ'!A:A,A96,'[2]سجل الحضور والتنفيذ'!H:H,"حاضر")) | Q96: =IF(OR(A96="",F96=0),"",P96/F96) | R96: =IF(A96="","",IF(F96=0,"لا ينطبق",IF(P96=0,"لم يبدأ",IF(Q96>='الإعدادات والمستهدفات'!B7,"مستوفى بالكامل","قيد الاستيفاء"))))
F97: =IF(A97="","",IF(E97="جميع العاملين بالمنشأة",COUNTIF('سجل الموظفين والكفاءة'!G:G,"موظف قائم")+COUNTIF('سجل الموظفين والكفاءة'!G:G,"موظف جديد " & 'الإعدادات والمستهدفات'!B4),COUNTIF('سجل الموظفين والكفاءة'!E:E,E97))) | N97: =IF(A97="","",ROUNDUP(F97/'الإعدادات والمستهدفات'!B12,0)) | O97: =IF(A97="","",F97*J97) | P97: =IF(A97="","",COUNTIFS('[2]سجل الحضور والتنفيذ'!A:A,A97,'[2]سجل الحضور والتنفيذ'!H:H,"حاضر")) | Q97: =IF(OR(A97="",F97=0),"",P97/F97) | R97: =IF(A97="","",IF(F97=0,"لا ينطبق",IF(P97=0,"لم يبدأ",IF(Q97>='الإعدادات والمستهدفات'!B7,"مستوفى بالكامل","قيد الاستيفاء"))))
F98: =IF(A98="","",IF(E98="جميع العاملين بالمنشأة",COUNTIF('سجل الموظفين والكفاءة'!G:G,"موظف قائم")+COUNTIF('سجل الموظفين والكفاءة'!G:G,"موظف جديد " & 'الإعدادات والمستهدفات'!B4),COUNTIF('سجل الموظفين والكفاءة'!E:E,E98))) | N98: =IF(A98="","",ROUNDUP(F98/'الإعدادات والمستهدفات'!B12,0)) | O98: =IF(A98="","",F98*J98) | P98: =IF(A98="","",COUNTIFS('[2]سجل الحضور والتنفيذ'!A:A,A98,'[2]سجل الحضور والتنفيذ'!H:H,"حاضر")) | Q98: =IF(OR(A98="",F98=0),"",P98/F98) | R98: =IF(A98="","",IF(F98=0,"لا ينطبق",IF(P98=0,"لم يبدأ",IF(Q98>='الإعدادات والمستهدفات'!B7,"مستوفى بالكامل","قيد الاستيفاء"))))
F99: =IF(A99="","",IF(E99="جميع العاملين بالمنشأة",COUNTIF('سجل الموظفين والكفاءة'!G:G,"موظف قائم")+COUNTIF('سجل الموظفين والكفاءة'!G:G,"موظف جديد " & 'الإعدادات والمستهدفات'!B4),COUNTIF('سجل الموظفين والكفاءة'!E:E,E99))) | N99: =IF(A99="","",ROUNDUP(F99/'الإعدادات والمستهدفات'!B12,0)) | O99: =IF(A99="","",F99*J99) | P99: =IF(A99="","",COUNTIFS('[2]سجل الحضور والتنفيذ'!A:A,A99,'[2]سجل الحضور والتنفيذ'!H:H,"حاضر")) | Q99: =IF(OR(A99="",F99=0),"",P99/F99) | R99: =IF(A99="","",IF(F99=0,"لا ينطبق",IF(P99=0,"لم يبدأ",IF(Q99>='الإعدادات والمستهدفات'!B7,"مستوفى بالكامل","قيد الاستيفاء"))))
F100: =IF(A100="","",IF(E100="جميع العاملين بالمنشأة",COUNTIF('سجل الموظفين والكفاءة'!G:G,"موظف قائم")+COUNTIF('سجل الموظفين والكفاءة'!G:G,"موظف جديد " & 'الإعدادات والمستهدفات'!B4),COUNTIF('سجل الموظفين والكفاءة'!E:E,E100))) | N100: =IF(A100="","",ROUNDUP(F100/'الإعدادات والمستهدفات'!B12,0)) | O100: =IF(A100="","",F100*J100) | P100: =IF(A100="","",COUNTIFS('[2]سجل الحضور والتنفيذ'!A:A,A100,'[2]سجل الحضور والتنفيذ'!H:H,"حاضر")) | Q100: =IF(OR(A100="",F100=0),"",P100/F100) | R100: =IF(A100="","",IF(F100=0,"لا ينطبق",IF(P100=0,"لم يبدأ",IF(Q100>='الإعدادات والمستهدفات'!B7,"مستوفى بالكامل","قيد الاستيفاء"))))
F101: =IF(A101="","",IF(E101="جميع العاملين بالمنشأة",COUNTIF('سجل الموظفين والكفاءة'!G:G,"موظف قائم")+COUNTIF('سجل الموظفين والكفاءة'!G:G,"موظف جديد " & 'الإعدادات والمستهدفات'!B4),COUNTIF('سجل الموظفين والكفاءة'!E:E,E101))) | N101: =IF(A101="","",ROUNDUP(F101/'الإعدادات والمستهدفات'!B12,0)) | O101: =IF(A101="","",F101*J101) | P101: =IF(A101="","",COUNTIFS('[2]سجل الحضور والتنفيذ'!A:A,A101,'[2]سجل الحضور والتنفيذ'!H:H,"حاضر")) | Q101: =IF(OR(A101="",F101=0),"",P101/F101) | R101: =IF(A101="","",IF(F101=0,"لا ينطبق",IF(P101=0,"لم يبدأ",IF(Q101>='الإعدادات والمستهدفات'!B7,"مستوفى بالكامل","قيد الاستيفاء"))))
...

Sheet تحليل الاحتياجات والفجوات
A1: تحليل الاحتياجات التدريبية والفجوات - مدخلات الخطة السنوية
A3: كود الفجوة | B3: القسم / الفئة | C3: وصف الفجوة أو الخطر السريري | D3: مصدر الاحتياج | E3: مستوى الخطر | F3: الأولوية | G3: الكفاءة المطلوب بناؤها | H3: البرنامج التدريبي المقترح | I3: المسؤول عن المتابعة | J3: التاريخ المستهدف لإغلاق الفجوة | K3: حالة معالجة الفجوة
A4: GAP-01 | B4: الأطباء والتمريض | C4: ارتفاع حالات محاولات إيذاء النفس بالقسم الداخلي | D4: بلاغات الأحداث العارضة RCA | E4: حرج جداً | F4: قصوى | G4: تقييم مخاطر الانتحار وإدارة خطة الأمان | H4: PSY-01: تقييم وإدارة مخاطر الانتحار | I4: المدير الطبي ورئيس التمريض | J4: 46068 | K4: مفتوح
A5: GAP-02 | B5: التمريض والأمن | C5: إصابات عمل أثناء التعامل مع حالات الهياج الحاد | D5: تقرير السلامة المهنية FMS | E5: مرتفع | F5: قصوى | G5: تقنيات خفض التصعيد والسيطرة الآمنة De-escalation | H5: PSY-02: خفض التصعيد والسيطرة الآمنة | I5: مشرف التمريض ومسؤول السلامة | J5: 46081 | K5: مفتوح
A6: GAP-03 | B6: التمريض والأطباء | C6: تفاوت توثيق دواع ومراقبة التقييد والعزل | D6: تدقيق مراجعة الملفات الطبية HIS | E6: مرتفع | F6: عالية | G6: تطبيق ضوابط التقييد والتجريد العزلي وحقوق المريض | H6: PSY-03: سياسات التقييد والعزل الطبقي | I6: فريق الجودة والتمريض | J6: 46096 | K6: مفتوح
A7: GAP-04 | B7: الأطباء والصيدلة والتمريض | C7: رصد أعراض جانبية حادة للأدوية النفسية عالية الخطورة | D7: بلاغات الصيدلة الإكلينيكية MMU | E7: مرتفع | F7: عالية | G7: الاستخدام الآمن للأدوية النفسية ورصد المتلازمة الذهانية | H7: PSY-04: إدارة الأدوية النفسية الحرة | I7: الصيدلي الأول والمدير الطبي | J7: 46111 | K7: مفتوح
A8: GAP-05 | B8: جميع الفئات السريرية | C8: حاجة لتحديث مهارات التعامل مع أزمات الانسحاب والتسمم | D8: توصية لجنة الوفيات والمضاعفات | E8: مرتفع | F8: عالية | G8: إدارة أزمات علاج الإدمان والجرعات الزائدة والتسمم | H8: PSY-05: طوارئ علاج الإدمان والتعافي | I8: رئيس قسم الإدمان | J8: 46127 | K8: مفتوح
A9: GAP-06 | B9: جميع العاملين بالمنشأة | C9: تأخر الموظفين الجدد في إكمال التوجيه التعريفي خلال 30 يومًا | D9: مؤشر جهار WFM.05 | E9: متوسط | F9: متوسطة | G9: استيفاء برنامج التوجيه التعريفي العام والخاص | H9: PSY-OR-01: البرنامج التعريفي الشامل | I9: إدارة الموارد البشرية | J9: 46053 | K9: قيد المعالجة

Sheet سجل الموظفين والكفاءة
A1: قاعدة بيانات الموظفين وتقييم الكفاءة السنوي الاحترافي
A3: م | B3: كود الموظف | C3: اسم الموظف | D3: الوظيفة | E3: الفئة الوظيفية | F3: تاريخ التعيين | G3: نوع الموظف | H3: التقييم السنوي % | I3: حالة التقييم | J3: مستوى الاحتياج التدريبي | K3: أولوية التدريب | L3: البرامج الإلزامية المطلوبة | M3: البرامج المنفذة فعلياً | N3: نسبة إكمال التدريب % | O3: إجمالي ساعات التدريب | P3: حالة التوجيه التعريفي
A4: =IF(C4="","",ROW()-3) -> 1 | B4: EMP-101 | C4: أحمد محمود علي | D4: طبيب نفسي مقيم | E4: أطباء | F4: 45422 | G4: =IF(C4="","",IF(F4="","موظف قائم",IF(YEAR(F4)>='الإعدادات والمستهدفات'!B4,"موظف جديد " & 'الإعدادات والمستهدفات'!B4,"موظف قائم"))) -> موظف قائم | H4: 0.88 | I4: =IF(C4="","",IF(OR(H4="",H4=0),"لم يُقيَّم","مُقيَّم")) -> مُقيَّم | J4: =IF(C4="","",IF(I4="لم يُقيَّم","يحتاج تقييم عاجل",IF(H4<'الإعدادات والمستهدفات'!B5,"احتياج مرتفع جداً",IF(H4<'الإعدادات والمستهدفات'!B6,"احتياج متوسط","احتياج منخفض")))) -> احتياج منخفض | K4: =IF(C4="","",IF(OR(J4="يحتاج تقييم عاجل",J4="احتياج مرتفع جداً"),"أولوية قصوى (1)",IF(J4="احتياج متوسط","أولوية متوسطة (2)","أولوية عادية (3)"))) -> أولوية عادية (3) | L4: =IF(C4="","",COUNTIF('[1]الخطة التدريبية المعتمدة'!E:E,E4)+COUNTIF('[1]الخطة التدريبية المعتمدة'!E:E,"جميع العاملين بالمنشأة")) -> #VALUE! | M4: =IF(C4="","",COUNTIFS('[2]سجل الحضور والتنفيذ'!E:E,B4,'[2]سجل الحضور والتنفيذ'!H:H,"حاضر")) -> #VALUE! | N4: =IF(OR(C4="",L4=0),"",M4/L4) -> #VALUE! | O4: =IF(C4="","",SUMPRODUCT(('[2]سجل الحضور والتنفيذ'!E:E=B4)*('[2]سجل الحضور والتنفيذ'!H:H="حاضر")*('[2]سجل الحضور والتنفيذ'!G:G))) -> #REF! | P4: =IF(C4="","",IF(G4<>"موظف جديد " & 'الإعدادات والمستهدفات'!B4,"—",IF(COUNTIFS('[2]سجل الحضور والتنفيذ'!E:E,B4,'[2]سجل الحضور والتنفيذ'!A:A,"PSY-OR-01",'[2]سجل الحضور والتنفيذ'!H:H,"حاضر")>0,"مستوفى",IF(AND(F4<>"",TODAY()>F4+'الإعدادات والمستهدفات'!B9),"متأخر عن المهلة","خلال المهلة")))) -> —
A5: =IF(C5="","",ROW()-3) -> 2 | B5: EMP-102 | C5: منى إبراهيم السيد | D5: أخصائي نفسي إكلينيكي | E5: أخصائيون نفسيون | F5: 44972 | G5: =IF(C5="","",IF(F5="","موظف قائم",IF(YEAR(F5)>='الإعدادات والمستهدفات'!B4,"موظف جديد " & 'الإعدادات والمستهدفات'!B4,"موظف قائم"))) -> موظف قائم | H5: 0.92 | I5: =IF(C5="","",IF(OR(H5="",H5=0),"لم يُقيَّم","مُقيَّم")) -> مُقيَّم | J5: =IF(C5="","",IF(I5="لم يُقيَّم","يحتاج تقييم عاجل",IF(H5<'الإعدادات والمستهدفات'!B5,"احتياج مرتفع جداً",IF(H5<'الإعدادات والمستهدفات'!B6,"احتياج متوسط","احتياج منخفض")))) -> احتياج منخفض | K5: =IF(C5="","",IF(OR(J5="يحتاج تقييم عاجل",J5="احتياج مرتفع جداً"),"أولوية قصوى (1)",IF(J5="احتياج متوسط","أولوية متوسطة (2)","أولوية عادية (3)"))) -> أولوية عادية (3) | L5: =IF(C5="","",COUNTIF('[1]الخطة التدريبية المعتمدة'!E:E,E5)+COUNTIF('[1]الخطة التدريبية المعتمدة'!E:E,"جميع العاملين بالمنشأة")) -> #VALUE! | M5: =IF(C5="","",COUNTIFS('[2]سجل الحضور والتنفيذ'!E:E,B5,'[2]سجل الحضور والتنفيذ'!H:H,"حاضر")) -> #VALUE! | N5: =IF(OR(C5="",L5=0),"",M5/L5) -> #VALUE! | O5: =IF(C5="","",SUMPRODUCT(('[2]سجل الحضور والتنفيذ'!E:E=B5)*('[2]سجل الحضور والتنفيذ'!H:H="حاضر")*('[2]سجل الحضور والتنفيذ'!G:G))) -> #REF! | P5: =IF(C5="","",IF(G5<>"موظف جديد " & 'الإعدادات والمستهدفات'!B4,"—",IF(COUNTIFS('[2]سجل الحضور والتنفيذ'!E:E,B5,'[2]سجل الحضور والتنفيذ'!A:A,"PSY-OR-01",'[2]سجل الحضور والتنفيذ'!H:H,"حاضر")>0,"مستوفى",IF(AND(F5<>"",TODAY()>F5+'الإعدادات والمستهدفات'!B9),"متأخر عن المهلة","خلال المهلة")))) -> —
A6: =IF(C6="","",ROW()-3) -> 3 | B6: EMP-103 | C6: محمد حسن عبدالرحمن | D6: مشرِف تمريض نفسي | E6: تمريض | F6: 44866 | G6: =IF(C6="","",IF(F6="","موظف قائم",IF(YEAR(F6)>='الإعدادات والمستهدفات'!B4,"موظف جديد " & 'الإعدادات والمستهدفات'!B4,"موظف قائم"))) -> موظف قائم | H6: 0.75 | I6: =IF(C6="","",IF(OR(H6="",H6=0),"لم يُقيَّم","مُقيَّم")) -> مُقيَّم | J6: =IF(C6="","",IF(I6="لم يُقيَّم","يحتاج تقييم عاجل",IF(H6<'الإعدادات والمستهدفات'!B5,"احتياج مرتفع جداً",IF(H6<'الإعدادات والمستهدفات'!B6,"احتياج متوسط","احتياج منخفض")))) -> احتياج متوسط | K6: =IF(C6="","",IF(OR(J6="يحتاج تقييم عاجل",J6="احتياج مرتفع جداً"),"أولوية قصوى (1)",IF(J6="احتياج متوسط","أولوية متوسطة (2)","أولوية عادية (3)"))) -> أولوية متوسطة (2) | L6: =IF(C6="","",COUNTIF('[1]الخطة التدريبية المعتمدة'!E:E,E6)+COUNTIF('[1]الخطة التدريبية المعتمدة'!E:E,"جميع العاملين بالمنشأة")) -> #VALUE! | M6: =IF(C6="","",COUNTIFS('[2]سجل الحضور والتنفيذ'!E:E,B6,'[2]سجل الحضور والتنفيذ'!H:H,"حاضر")) -> #VALUE! | N6: =IF(OR(C6="",L6=0),"",M6/L6) -> #VALUE! | O6: =IF(C6="","",SUMPRODUCT(('[2]سجل الحضور والتنفيذ'!E:E=B6)*('[2]سجل الحضور والتنفيذ'!H:H="حاضر")*('[2]سجل الحضور والتنفيذ'!G:G))) -> #REF! | P6: =IF(C6="","",IF(G6<>"موظف جديد " & 'الإعدادات والمستهدفات'!B4,"—",IF(COUNTIFS('[2]سجل الحضور والتنفيذ'!E:E,B6,'[2]سجل الحضور والتنفيذ'!A:A,"PSY-OR-01",'[2]سجل الحضور والتنفيذ'!H:H,"حاضر")>0,"مستوفى",IF(AND(F6<>"",TODAY()>F6+'الإعدادات والمستهدفات'!B9),"متأخر عن المهلة","خلال المهلة")))) -> —
A7: =IF(C7="","",ROW()-3) -> 4 | B7: EMP-104 | C7: سارة خالد مصطفى | D7: ممرض/ة قسم الإدمان | E7: تمريض | F7: 45677 | G7: =IF(C7="","",IF(F7="","موظف قائم",IF(YEAR(F7)>='الإعدادات والمستهدفات'!B4,"موظف جديد " & 'الإعدادات والمستهدفات'!B4,"موظف قائم"))) -> موظف قائم | H7: 0.65 | I7: =IF(C7="","",IF(OR(H7="",H7=0),"لم يُقيَّم","مُقيَّم")) -> مُقيَّم | J7: =IF(C7="","",IF(I7="لم يُقيَّم","يحتاج تقييم عاجل",IF(H7<'الإعدادات والمستهدفات'!B5,"احتياج مرتفع جداً",IF(H7<'الإعدادات والمستهدفات'!B6,"احتياج متوسط","احتياج منخفض")))) -> احتياج مرتفع جداً | K7: =IF(C7="","",IF(OR(J7="يحتاج تقييم عاجل",J7="احتياج مرتفع جداً"),"أولوية قصوى (1)",IF(J7="احتياج متوسط","أولوية متوسطة (2)","أولوية عادية (3)"))) -> أولوية قصوى (1) | L7: =IF(C7="","",COUNTIF('[1]الخطة التدريبية المعتمدة'!E:E,E7)+COUNTIF('[1]الخطة التدريبية المعتمدة'!E:E,"جميع العاملين بالمنشأة")) -> #VALUE! | M7: =IF(C7="","",COUNTIFS('[2]سجل الحضور والتنفيذ'!E:E,B7,'[2]سجل الحضور والتنفيذ'!H:H,"حاضر")) -> #VALUE! | N7: =IF(OR(C7="",L7=0),"",M7/L7) -> #VALUE! | O7: =IF(C7="","",SUMPRODUCT(('[2]سجل الحضور والتنفيذ'!E:E=B7)*('[2]سجل الحضور والتنفيذ'!H:H="حاضر")*('[2]سجل الحضور والتنفيذ'!G:G))) -> #REF! | P7: =IF(C7="","",IF(G7<>"موظف جديد " & 'الإعدادات والمستهدفات'!B4,"—",IF(COUNTIFS('[2]سجل الحضور والتنفيذ'!E:E,B7,'[2]سجل الحضور والتنفيذ'!A:A,"PSY-OR-01",'[2]سجل الحضور والتنفيذ'!H:H,"حاضر")>0,"مستوفى",IF(AND(F7<>"",TODAY()>F7+'الإعدادات والمستهدفات'!B9),"متأخر عن المهلة","خلال المهلة")))) -> —
A8: =IF(C8="","",ROW()-3) -> 5 | B8: EMP-105 | C8: عمر فاروق الشريف | D8: أخصائي اجتماعي علاج إدمان | E8: أخصائيون اجتماعيون | F8: 45516 | G8: =IF(C8="","",IF(F8="","موظف قائم",IF(YEAR(F8)>='الإعدادات والمستهدفات'!B4,"موظف جديد " & 'الإعدادات والمستهدفات'!B4,"موظف قائم"))) -> موظف قائم | H8: 0.85 | I8: =IF(C8="","",IF(OR(H8="",H8=0),"لم يُقيَّم","مُقيَّم")) -> مُقيَّم | J8: =IF(C8="","",IF(I8="لم يُقيَّم","يحتاج تقييم عاجل",IF(H8<'الإعدادات والمستهدفات'!B5,"احتياج مرتفع جداً",IF(H8<'الإعدادات والمستهدفات'!B6,"احتياج متوسط","احتياج منخفض")))) -> احتياج منخفض | K8: =IF(C8="","",IF(OR(J8="يحتاج تقييم عاجل",J8="احتياج مرتفع جداً"),"أولوية قصوى (1)",IF(J8="احتياج متوسط","أولوية متوسطة (2)","أولوية عادية (3)"))) -> أولوية عادية (3) | L8: =IF(C8="","",COUNTIF('[1]الخطة التدريبية المعتمدة'!E:E,E8)+COUNTIF('[1]الخطة التدريبية المعتمدة'!E:E,"جميع العاملين بالمنشأة")) -> #VALUE! | M8: =IF(C8="","",COUNTIFS('[2]سجل الحضور والتنفيذ'!E:E,B8,'[2]سجل الحضور والتنفيذ'!H:H,"حاضر")) -> #VALUE! | N8: =IF(OR(C8="",L8=0),"",M8/L8) -> #VALUE! | O8: =IF(C8="","",SUMPRODUCT(('[2]سجل الحضور والتنفيذ'!E:E=B8)*('[2]سجل الحضور والتنفيذ'!H:H="حاضر")*('[2]سجل الحضور والتنفيذ'!G:G))) -> #REF! | P8: =IF(C8="","",IF(G8<>"موظف جديد " & 'الإعدادات والمستهدفات'!B4,"—",IF(COUNTIFS('[2]سجل الحضور والتنفيذ'!E:E,B8,'[2]سجل الحضور والتنفيذ'!A:A,"PSY-OR-01",'[2]سجل الحضور والتنفيذ'!H:H,"حاضر")>0,"مستوفى",IF(AND(F8<>"",TODAY()>F8+'الإعدادات والمستهدفات'!B9),"متأخر عن المهلة","خلال المهلة")))) -> —
A9: =IF(C9="","",ROW()-3) -> 6 | B9: EMP-106 | C9: ريم يوسف عبدالسلام | D9: صيدلي إكلينيكي نفسي | E9: صيدلة | F9: 45078 | G9: =IF(C9="","",IF(F9="","موظف قائم",IF(YEAR(F9)>='الإعدادات والمستهدفات'!B4,"موظف جديد " & 'الإعدادات والمستهدفات'!B4,"موظف قائم"))) -> موظف قائم | H9: 0.91 | I9: =IF(C9="","",IF(OR(H9="",H9=0),"لم يُقيَّم","مُقيَّم")) -> مُقيَّم | J9: =IF(C9="","",IF(I9="لم يُقيَّم","يحتاج تقييم عاجل",IF(H9<'الإعدادات والمستهدفات'!B5,"احتياج مرتفع جداً",IF(H9<'الإعدادات والمستهدفات'!B6,"احتياج متوسط","احتياج منخفض")))) -> احتياج منخفض | K9: =IF(C9="","",IF(OR(J9="يحتاج تقييم عاجل",J9="احتياج مرتفع جداً"),"أولوية قصوى (1)",IF(J9="احتياج متوسط","أولوية متوسطة (2)","أولوية عادية (3)"))) -> أولوية عادية (3) | L9: =IF(C9="","",COUNTIF('[1]الخطة التدريبية المعتمدة'!E:E,E9)+COUNTIF('[1]الخطة التدريبية المعتمدة'!E:E,"جميع العاملين بالمنشأة")) -> #VALUE! | M9: =IF(C9="","",COUNTIFS('[2]سجل الحضور والتنفيذ'!E:E,B9,'[2]سجل الحضور والتنفيذ'!H:H,"حاضر")) -> #VALUE! | N9: =IF(OR(C9="",L9=0),"",M9/L9) -> #VALUE! | O9: =IF(C9="","",SUMPRODUCT(('[2]سجل الحضور والتنفيذ'!E:E=B9)*('[2]سجل الحضور والتنفيذ'!H:H="حاضر")*('[2]سجل الحضور والتنفيذ'!G:G))) -> #REF! | P9: =IF(C9="","",IF(G9<>"موظف جديد " & 'الإعدادات والمستهدفات'!B4,"—",IF(COUNTIFS('[2]سجل الحضور والتنفيذ'!E:E,B9,'[2]سجل الحضور والتنفيذ'!A:A,"PSY-OR-01",'[2]سجل الحضور والتنفيذ'!H:H,"حاضر")>0,"مستوفى",IF(AND(F9<>"",TODAY()>F9+'الإعدادات والمستهدفات'!B9),"متأخر عن المهلة","خلال المهلة")))) -> —
A10: =IF(C10="","",ROW()-3) -> 7 | B10: EMP-107 | C10: مصطفى كمال الدين | D10: أخصائي تحاليل إدمان | E10: معمل | F10: 44661 | G10: =IF(C10="","",IF(F10="","موظف قائم",IF(YEAR(F10)>='الإعدادات والمستهدفات'!B4,"موظف جديد " & 'الإعدادات والمستهدفات'!B4,"موظف قائم"))) -> موظف قائم | H10: 0.89 | I10: =IF(C10="","",IF(OR(H10="",H10=0),"لم يُقيَّم","مُقيَّم")) -> مُقيَّم | J10: =IF(C10="","",IF(I10="لم يُقيَّم","يحتاج تقييم عاجل",IF(H10<'الإعدادات والمستهدفات'!B5,"احتياج مرتفع جداً",IF(H10<'الإعدادات والمستهدفات'!B6,"احتياج متوسط","احتياج منخفض")))) -> احتياج منخفض | K10: =IF(C10="","",IF(OR(J10="يحتاج تقييم عاجل",J10="احتياج مرتفع جداً"),"أولوية قصوى (1)",IF(J10="احتياج متوسط","أولوية متوسطة (2)","أولوية عادية (3)"))) -> أولوية عادية (3) | L10: =IF(C10="","",COUNTIF('[1]الخطة التدريبية المعتمدة'!E:E,E10)+COUNTIF('[1]الخطة التدريبية المعتمدة'!E:E,"جميع العاملين بالمنشأة")) -> #VALUE! | M10: =IF(C10="","",COUNTIFS('[2]سجل الحضور والتنفيذ'!E:E,B10,'[2]سجل الحضور والتنفيذ'!H:H,"حاضر")) -> #VALUE! | N10: =IF(OR(C10="",L10=0),"",M10/L10) -> #VALUE! | O10: =IF(C10="","",SUMPRODUCT(('[2]سجل الحضور والتنفيذ'!E:E=B10)*('[2]سجل الحضور والتنفيذ'!H:H="حاضر")*('[2]سجل الحضور والتنفيذ'!G:G))) -> #REF! | P10: =IF(C10="","",IF(G10<>"موظف جديد " & 'الإعدادات والمستهدفات'!B4,"—",IF(COUNTIFS('[2]سجل الحضور والتنفيذ'!E:E,B10,'[2]سجل الحضور والتنفيذ'!A:A,"PSY-OR-01",'[2]سجل الحضور والتنفيذ'!H:H,"حاضر")>0,"مستوفى",IF(AND(F10<>"",TODAY()>F10+'الإعدادات والمستهدفات'!B9),"متأخر عن المهلة","خلال المهلة")))) -> —
A11: =IF(C11="","",ROW()-3) -> 8 | B11: EMP-108 | C11: خالد يحيى عبدالله | D11: مشرف أمن وتفتيش بوابة | E11: أمن وصيانة | F11: 45536 | G11: =IF(C11="","",IF(F11="","موظف قائم",IF(YEAR(F11)>='الإعدادات والمستهدفات'!B4,"موظف جديد " & 'الإعدادات والمستهدفات'!B4,"موظف قائم"))) -> موظف قائم | H11: 0.78 | I11: =IF(C11="","",IF(OR(H11="",H11=0),"لم يُقيَّم","مُقيَّم")) -> مُقيَّم | J11: =IF(C11="","",IF(I11="لم يُقيَّم","يحتاج تقييم عاجل",IF(H11<'الإعدادات والمستهدفات'!B5,"احتياج مرتفع جداً",IF(H11<'الإعدادات والمستهدفات'!B6,"احتياج متوسط","احتياج منخفض")))) -> احتياج متوسط | K11: =IF(C11="","",IF(OR(J11="يحتاج تقييم عاجل",J11="احتياج مرتفع جداً"),"أولوية قصوى (1)",IF(J11="احتياج متوسط","أولوية متوسطة (2)","أولوية عادية (3)"))) -> أولوية متوسطة (2) | L11: =IF(C11="","",COUNTIF('[1]الخطة التدريبية المعتمدة'!E:E,E11)+COUNTIF('[1]الخطة التدريبية المعتمدة'!E:E,"جميع العاملين بالمنشأة")) -> #VALUE! | M11: =IF(C11="","",COUNTIFS('[2]سجل الحضور والتنفيذ'!E:E,B11,'[2]سجل الحضور والتنفيذ'!H:H,"حاضر")) -> #VALUE! | N11: =IF(OR(C11="",L11=0),"",M11/L11) -> #VALUE! | O11: =IF(C11="","",SUMPRODUCT(('[2]سجل الحضور والتنفيذ'!E:E=B11)*('[2]سجل الحضور والتنفيذ'!H:H="حاضر")*('[2]سجل الحضور والتنفيذ'!G:G))) -> #REF! | P11: =IF(C11="","",IF(G11<>"موظف جديد " & 'الإعدادات والمستهدفات'!B4,"—",IF(COUNTIFS('[2]سجل الحضور والتنفيذ'!E:E,B11,'[2]سجل الحضور والتنفيذ'!A:A,"PSY-OR-01",'[2]سجل الحضور والتنفيذ'!H:H,"حاضر")>0,"مستوفى",IF(AND(F11<>"",TODAY()>F11+'الإعدادات والمستهدفات'!B9),"متأخر عن المهلة","خلال المهلة")))) -> —
A12: =IF(C12="","",ROW()-3) -> 9 | B12: EMP-109 | C12: هبة طارق فؤاد | D12: أخصائي استقبال وإدخال | E12: استقبال وإدارة | F12: 45275 | G12: =IF(C12="","",IF(F12="","موظف قائم",IF(YEAR(F12)>='الإعدادات والمستهدفات'!B4,"موظف جديد " & 'الإعدادات والمستهدفات'!B4,"موظف قائم"))) -> موظف قائم | H12: 0.94 | I12: =IF(C12="","",IF(OR(H12="",H12=0),"لم يُقيَّم","مُقيَّم")) -> مُقيَّم | J12: =IF(C12="","",IF(I12="لم يُقيَّم","يحتاج تقييم عاجل",IF(H12<'الإعدادات والمستهدفات'!B5,"احتياج مرتفع جداً",IF(H12<'الإعدادات والمستهدفات'!B6,"احتياج متوسط","احتياج منخفض")))) -> احتياج منخفض | K12: =IF(C12="","",IF(OR(J12="يحتاج تقييم عاجل",J12="احتياج مرتفع جداً"),"أولوية قصوى (1)",IF(J12="احتياج متوسط","أولوية متوسطة (2)","أولوية عادية (3)"))) -> أولوية عادية (3) | L12: =IF(C12="","",COUNTIF('[1]الخطة التدريبية المعتمدة'!E:E,E12)+COUNTIF('[1]الخطة التدريبية المعتمدة'!E:E,"جميع العاملين بالمنشأة")) -> #VALUE! | M12: =IF(C12="","",COUNTIFS('[2]سجل الحضور والتنفيذ'!E:E,B12,'[2]سجل الحضور والتنفيذ'!H:H,"حاضر")) -> #VALUE! | N12: =IF(OR(C12="",L12=0),"",M12/L12) -> #VALUE! | O12: =IF(C12="","",SUMPRODUCT(('[2]سجل الحضور والتنفيذ'!E:E=B12)*('[2]سجل الحضور والتنفيذ'!H:H="حاضر")*('[2]سجل الحضور والتنفيذ'!G:G))) -> #REF! | P12: =IF(C12="","",IF(G12<>"موظف جديد " & 'الإعدادات والمستهدفات'!B4,"—",IF(COUNTIFS('[2]سجل الحضور والتنفيذ'!E:E,B12,'[2]سجل الحضور والتنفيذ'!A:A,"PSY-OR-01",'[2]سجل الحضور والتنفيذ'!H:H,"حاضر")>0,"مستوفى",IF(AND(F12<>"",TODAY()>F12+'الإعدادات والمستهدفات'!B9),"متأخر عن المهلة","خلال المهلة")))) -> —
A13: =IF(C13="","",ROW()-3) -> 10 | B13: EMP-110 | C13: ياسمين شريف العبد | D13: ممرض/ة طوارئ واستقبال نفسي | E13: تمريض | F13: 46054 | G13: =IF(C13="","",IF(F13="","موظف قائم",IF(YEAR(F13)>='الإعدادات والمستهدفات'!B4,"موظف جديد " & 'الإعدادات والمستهدفات'!B4,"موظف قائم"))) -> موظف جديد 2026 | I13: =IF(C13="","",IF(OR(H13="",H13=0),"لم يُقيَّم","مُقيَّم")) -> لم يُقيَّم | J13: =IF(C13="","",IF(I13="لم يُقيَّم","يحتاج تقييم عاجل",IF(H13<'الإعدادات والمستهدفات'!B5,"احتياج مرتفع جداً",IF(H13<'الإعدادات والمستهدفات'!B6,"احتياج متوسط","احتياج منخفض")))) -> يحتاج تقييم عاجل | K13: =IF(C13="","",IF(OR(J13="يحتاج تقييم عاجل",J13="احتياج مرتفع جداً"),"أولوية قصوى (1)",IF(J13="احتياج متوسط","أولوية متوسطة (2)","أولوية عادية (3)"))) -> أولوية قصوى (1) | L13: =IF(C13="","",COUNTIF('[1]الخطة التدريبية المعتمدة'!E:E,E13)+COUNTIF('[1]الخطة التدريبية المعتمدة'!E:E,"جميع العاملين بالمنشأة")) -> #VALUE! | M13: =IF(C13="","",COUNTIFS('[2]سجل الحضور والتنفيذ'!E:E,B13,'[2]سجل الحضور والتنفيذ'!H:H,"حاضر")) -> #VALUE! | N13: =IF(OR(C13="",L13=0),"",M13/L13) -> #VALUE! | O13: =IF(C13="","",SUMPRODUCT(('[2]سجل الحضور والتنفيذ'!E:E=B13)*('[2]سجل الحضور والتنفيذ'!H:H="حاضر")*('[2]سجل الحضور والتنفيذ'!G:G))) -> #REF! | P13: =IF(C13="","",IF(G13<>"موظف جديد " & 'الإعدادات والمستهدفات'!B4,"—",IF(COUNTIFS('[2]سجل الحضور والتنفيذ'!E:E,B13,'[2]سجل الحضور والتنفيذ'!A:A,"PSY-OR-01",'[2]سجل الحضور والتنفيذ'!H:H,"حاضر")>0,"مستوفى",IF(AND(F13<>"",TODAY()>F13+'الإعدادات والمستهدفات'!B9),"متأخر عن المهلة","خلال المهلة")))) -> #VALUE!
A14: =IF(C14="","",ROW()-3) | G14: =IF(C14="","",IF(F14="","موظف قائم",IF(YEAR(F14)>='الإعدادات والمستهدفات'!B4,"موظف جديد " & 'الإعدادات والمستهدفات'!B4,"موظف قائم"))) | I14: =IF(C14="","",IF(OR(H14="",H14=0),"لم يُقيَّم","مُقيَّم")) | J14: =IF(C14="","",IF(I14="لم يُقيَّم","يحتاج تقييم عاجل",IF(H14<'الإعدادات والمستهدفات'!B5,"احتياج مرتفع جداً",IF(H14<'الإعدادات والمستهدفات'!B6,"احتياج متوسط","احتياج منخفض")))) | K14: =IF(C14="","",IF(OR(J14="يحتاج تقييم عاجل",J14="احتياج مرتفع جداً"),"أولوية قصوى (1)",IF(J14="احتياج متوسط","أولوية متوسطة (2)","أولوية عادية (3)"))) | L14: =IF(C14="","",COUNTIF('[1]الخطة التدريبية المعتمدة'!E:E,E14)+COUNTIF('[1]الخطة التدريبية المعتمدة'!E:E,"جميع العاملين بالمنشأة")) | M14: =IF(C14="","",COUNTIFS('[2]سجل الحضور والتنفيذ'!E:E,B14,'[2]سجل الحضور والتنفيذ'!H:H,"حاضر")) | N14: =IF(OR(C14="",L14=0),"",M14/L14) | O14: =IF(C14="","",SUMPRODUCT(('[2]سجل الحضور والتنفيذ'!E:E=B14)*('[2]سجل الحضور والتنفيذ'!H:H="حاضر")*('[2]سجل الحضور والتنفيذ'!G:G))) | P14: =IF(C14="","",IF(G14<>"موظف جديد " & 'الإعدادات والمستهدفات'!B4,"—",IF(COUNTIFS('[2]سجل الحضور والتنفيذ'!E:E,B14,'[2]سجل الحضور والتنفيذ'!A:A,"PSY-OR-01",'[2]سجل الحضور والتنفيذ'!H:H,"حاضر")>0,"مستوفى",IF(AND(F14<>"",TODAY()>F14+'الإعدادات والمستهدفات'!B9),"متأخر عن المهلة","خلال المهلة"))))
A15: =IF(C15="","",ROW()-3) | G15: =IF(C15="","",IF(F15="","موظف قائم",IF(YEAR(F15)>='الإعدادات والمستهدفات'!B4,"موظف جديد " & 'الإعدادات والمستهدفات'!B4,"موظف قائم"))) | I15: =IF(C15="","",IF(OR(H15="",H15=0),"لم يُقيَّم","مُقيَّم")) | J15: =IF(C15="","",IF(I15="لم يُقيَّم","يحتاج تقييم عاجل",IF(H15<'الإعدادات والمستهدفات'!B5,"احتياج مرتفع جداً",IF(H15<'الإعدادات والمستهدفات'!B6,"احتياج متوسط","احتياج منخفض")))) | K15: =IF(C15="","",IF(OR(J15="يحتاج تقييم عاجل",J15="احتياج مرتفع جداً"),"أولوية قصوى (1)",IF(J15="احتياج متوسط","أولوية متوسطة (2)","أولوية عادية (3)"))) | L15: =IF(C15="","",COUNTIF('[1]الخطة التدريبية المعتمدة'!E:E,E15)+COUNTIF('[1]الخطة التدريبية المعتمدة'!E:E,"جميع العاملين بالمنشأة")) | M15: =IF(C15="","",COUNTIFS('[2]سجل الحضور والتنفيذ'!E:E,B15,'[2]سجل الحضور والتنفيذ'!H:H,"حاضر")) | N15: =IF(OR(C15="",L15=0),"",M15/L15) | O15: =IF(C15="","",SUMPRODUCT(('[2]سجل الحضور والتنفيذ'!E:E=B15)*('[2]سجل الحضور والتنفيذ'!H:H="حاضر")*('[2]سجل الحضور والتنفيذ'!G:G))) | P15: =IF(C15="","",IF(G15<>"موظف جديد " & 'الإعدادات والمستهدفات'!B4,"—",IF(COUNTIFS('[2]سجل الحضور والتنفيذ'!E:E,B15,'[2]سجل الحضور والتنفيذ'!A:A,"PSY-OR-01",'[2]سجل الحضور والتنفيذ'!H:H,"حاضر")>0,"مستوفى",IF(AND(F15<>"",TODAY()>F15+'الإعدادات والمستهدفات'!B9),"متأخر عن المهلة","خلال المهلة"))))
A16: =IF(C16="","",ROW()-3) | G16: =IF(C16="","",IF(F16="","موظف قائم",IF(YEAR(F16)>='الإعدادات والمستهدفات'!B4,"موظف جديد " & 'الإعدادات والمستهدفات'!B4,"موظف قائم"))) | I16: =IF(C16="","",IF(OR(H16="",H16=0),"لم يُقيَّم","مُقيَّم")) | J16: =IF(C16="","",IF(I16="لم يُقيَّم","يحتاج تقييم عاجل",IF(H16<'الإعدادات والمستهدفات'!B5,"احتياج مرتفع جداً",IF(H16<'الإعدادات والمستهدفات'!B6,"احتياج متوسط","احتياج منخفض")))) | K16: =IF(C16="","",IF(OR(J16="يحتاج تقييم عاجل",J16="احتياج مرتفع جداً"),"أولوية قصوى (1)",IF(J16="احتياج متوسط","أولوية متوسطة (2)","أولوية عادية (3)"))) | L16: =IF(C16="","",COUNTIF('[1]الخطة التدريبية المعتمدة'!E:E,E16)+COUNTIF('[1]الخطة التدريبية المعتمدة'!E:E,"جميع العاملين بالمنشأة")) | M16: =IF(C16="","",COUNTIFS('[2]سجل الحضور والتنفيذ'!E:E,B16,'[2]سجل الحضور والتنفيذ'!H:H,"حاضر")) | N16: =IF(OR(C16="",L16=0),"",M16/L16) | O16: =IF(C16="","",SUMPRODUCT(('[2]سجل الحضور والتنفيذ'!E:E=B16)*('[2]سجل الحضور والتنفيذ'!H:H="حاضر")*('[2]سجل الحضور والتنفيذ'!G:G))) | P16: =IF(C16="","",IF(G16<>"موظف جديد " & 'الإعدادات والمستهدفات'!B4,"—",IF(COUNTIFS('[2]سجل الحضور والتنفيذ'!E:E,B16,'[2]سجل الحضور والتنفيذ'!A:A,"PSY-OR-01",'[2]سجل الحضور والتنفيذ'!H:H,"حاضر")>0,"مستوفى",IF(AND(F16<>"",TODAY()>F16+'الإعدادات والمستهدفات'!B9),"متأخر عن المهلة","خلال المهلة"))))
A17: =IF(C17="","",ROW()-3) | G17: =IF(C17="","",IF(F17="","موظف قائم",IF(YEAR(F17)>='الإعدادات والمستهدفات'!B4,"موظف جديد " & 'الإعدادات والمستهدفات'!B4,"موظف قائم"))) | I17: =IF(C17="","",IF(OR(H17="",H17=0),"لم يُقيَّم","مُقيَّم")) | J17: =IF(C17="","",IF(I17="لم يُقيَّم","يحتاج تقييم عاجل",IF(H17<'الإعدادات والمستهدفات'!B5,"احتياج مرتفع جداً",IF(H17<'الإعدادات والمستهدفات'!B6,"احتياج متوسط","احتياج منخفض")))) | K17: =IF(C17="","",IF(OR(J17="يحتاج تقييم عاجل",J17="احتياج مرتفع جداً"),"أولوية قصوى (1)",IF(J17="احتياج متوسط","أولوية متوسطة (2)","أولوية عادية (3)"))) | L17: =IF(C17="","",COUNTIF('[1]الخطة التدريبية المعتمدة'!E:E,E17)+COUNTIF('[1]الخطة التدريبية المعتمدة'!E:E,"جميع العاملين بالمنشأة")) | M17: =IF(C17="","",COUNTIFS('[2]سجل الحضور والتنفيذ'!E:E,B17,'[2]سجل الحضور والتنفيذ'!H:H,"حاضر")) | N17: =IF(OR(C17="",L17=0),"",M17/L17) | O17: =IF(C17="","",SUMPRODUCT(('[2]سجل الحضور والتنفيذ'!E:E=B17)*('[2]سجل الحضور والتنفيذ'!H:H="حاضر")*('[2]سجل الحضور والتنفيذ'!G:G))) | P17: =IF(C17="","",IF(G17<>"موظف جديد " & 'الإعدادات والمستهدفات'!B4,"—",IF(COUNTIFS('[2]سجل الحضور والتنفيذ'!E:E,B17,'[2]سجل الحضور والتنفيذ'!A:A,"PSY-OR-01",'[2]سجل الحضور والتنفيذ'!H:H,"حاضر")>0,"مستوفى",IF(AND(F17<>"",TODAY()>F17+'الإعدادات والمستهدفات'!B9),"متأخر عن المهلة","خلال المهلة"))))
A18: =IF(C18="","",ROW()-3) | G18: =IF(C18="","",IF(F18="","موظف قائم",IF(YEAR(F18)>='الإعدادات والمستهدفات'!B4,"موظف جديد " & 'الإعدادات والمستهدفات'!B4,"موظف قائم"))) | I18: =IF(C18="","",IF(OR(H18="",H18=0),"لم يُقيَّم","مُقيَّم")) | J18: =IF(C18="","",IF(I18="لم يُقيَّم","يحتاج تقييم عاجل",IF(H18<'الإعدادات والمستهدفات'!B5,"احتياج مرتفع جداً",IF(H18<'الإعدادات والمستهدفات'!B6,"احتياج متوسط","احتياج منخفض")))) | K18: =IF(C18="","",IF(OR(J18="يحتاج تقييم عاجل",J18="احتياج مرتفع جداً"),"أولوية قصوى (1)",IF(J18="احتياج متوسط","أولوية متوسطة (2)","أولوية عادية (3)"))) | L18: =IF(C18="","",COUNTIF('[1]الخطة التدريبية المعتمدة'!E:E,E18)+COUNTIF('[1]الخطة التدريبية المعتمدة'!E:E,"جميع العاملين بالمنشأة")) | M18: =IF(C18="","",COUNTIFS('[2]سجل الحضور والتنفيذ'!E:E,B18,'[2]سجل الحضور والتنفيذ'!H:H,"حاضر")) | N18: =IF(OR(C18="",L18=0),"",M18/L18) | O18: =IF(C18="","",SUMPRODUCT(('[2]سجل الحضور والتنفيذ'!E:E=B18)*('[2]سجل الحضور والتنفيذ'!H:H="حاضر")*('[2]سجل الحضور والتنفيذ'!G:G))) | P18: =IF(C18="","",IF(G18<>"موظف جديد " & 'الإعدادات والمستهدفات'!B4,"—",IF(COUNTIFS('[2]سجل الحضور والتنفيذ'!E:E,B18,'[2]سجل الحضور والتنفيذ'!A:A,"PSY-OR-01",'[2]سجل الحضور والتنفيذ'!H:H,"حاضر")>0,"مستوفى",IF(AND(F18<>"",TODAY()>F18+'الإعدادات والمستهدفات'!B9),"متأخر عن المهلة","خلال المهلة"))))
A19: =IF(C19="","",ROW()-3) | G19: =IF(C19="","",IF(F19="","موظف قائم",IF(YEAR(F19)>='الإعدادات والمستهدفات'!B4,"موظف جديد " & 'الإعدادات والمستهدفات'!B4,"موظف قائم"))) | I19: =IF(C19="","",IF(OR(H19="",H19=0),"لم يُقيَّم","مُقيَّم")) | J19: =IF(C19="","",IF(I19="لم يُقيَّم","يحتاج تقييم عاجل",IF(H19<'الإعدادات والمستهدفات'!B5,"احتياج مرتفع جداً",IF(H19<'الإعدادات والمستهدفات'!B6,"احتياج متوسط","احتياج منخفض")))) | K19: =IF(C19="","",IF(OR(J19="يحتاج تقييم عاجل",J19="احتياج مرتفع جداً"),"أولوية قصوى (1)",IF(J19="احتياج متوسط","أولوية متوسطة (2)","أولوية عادية (3)"))) | L19: =IF(C19="","",COUNTIF('[1]الخطة التدريبية المعتمدة'!E:E,E19)+COUNTIF('[1]الخطة التدريبية المعتمدة'!E:E,"جميع العاملين بالمنشأة")) | M19: =IF(C19="","",COUNTIFS('[2]سجل الحضور والتنفيذ'!E:E,B19,'[2]سجل الحضور والتنفيذ'!H:H,"حاضر")) | N19: =IF(OR(C19="",L19=0),"",M19/L19) | O19: =IF(C19="","",SUMPRODUCT(('[2]سجل الحضور والتنفيذ'!E:E=B19)*('[2]سجل الحضور والتنفيذ'!H:H="حاضر")*('[2]سجل الحضور والتنفيذ'!G:G))) | P19: =IF(C19="","",IF(G19<>"موظف جديد " & 'الإعدادات والمستهدفات'!B4,"—",IF(COUNTIFS('[2]سجل الحضور والتنفيذ'!E:E,B19,'[2]سجل الحضور والتنفيذ'!A:A,"PSY-OR-01",'[2]سجل الحضور والتنفيذ'!H:H,"حاضر")>0,"مستوفى",IF(AND(F19<>"",TODAY()>F19+'الإعدادات والمستهدفات'!B9),"متأخر عن المهلة","خلال المهلة"))))
A20: =IF(C20="","",ROW()-3) | G20: =IF(C20="","",IF(F20="","موظف قائم",IF(YEAR(F20)>='الإعدادات والمستهدفات'!B4,"موظف جديد " & 'الإعدادات والمستهدفات'!B4,"موظف قائم"))) | I20: =IF(C20="","",IF(OR(H20="",H20=0),"لم يُقيَّم","مُقيَّم")) | J20: =IF(C20="","",IF(I20="لم يُقيَّم","يحتاج تقييم عاجل",IF(H20<'الإعدادات والمستهدفات'!B5,"احتياج مرتفع جداً",IF(H20<'الإعدادات والمستهدفات'!B6,"احتياج متوسط","احتياج منخفض")))) | K20: =IF(C20="","",IF(OR(J20="يحتاج تقييم عاجل",J20="احتياج مرتفع جداً"),"أولوية قصوى (1)",IF(J20="احتياج متوسط","أولوية متوسطة (2)","أولوية عادية (3)"))) | L20: =IF(C20="","",COUNTIF('[1]الخطة التدريبية المعتمدة'!E:E,E20)+COUNTIF('[1]الخطة التدريبية المعتمدة'!E:E,"جميع العاملين بالمنشأة")) | M20: =IF(C20="","",COUNTIFS('[2]سجل الحضور والتنفيذ'!E:E,B20,'[2]سجل الحضور والتنفيذ'!H:H,"حاضر")) | N20: =IF(OR(C20="",L20=0),"",M20/L20) | O20: =IF(C20="","",SUMPRODUCT(('[2]سجل الحضور والتنفيذ'!E:E=B20)*('[2]سجل الحضور والتنفيذ'!H:H="حاضر")*('[2]سجل الحضور والتنفيذ'!G:G))) | P20: =IF(C20="","",IF(G20<>"موظف جديد " & 'الإعدادات والمستهدفات'!B4,"—",IF(COUNTIFS('[2]سجل الحضور والتنفيذ'!E:E,B20,'[2]سجل الحضور والتنفيذ'!A:A,"PSY-OR-01",'[2]سجل الحضور والتنفيذ'!H:H,"حاضر")>0,"مستوفى",IF(AND(F20<>"",TODAY()>F20+'الإعدادات والمستهدفات'!B9),"متأخر عن المهلة","خلال المهلة"))))
A21: =IF(C21="","",ROW()-3) | G21: =IF(C21="","",IF(F21="","موظف قائم",IF(YEAR(F21)>='الإعدادات والمستهدفات'!B4,"موظف جديد " & 'الإعدادات والمستهدفات'!B4,"موظف قائم"))) | I21: =IF(C21="","",IF(OR(H21="",H21=0),"لم يُقيَّم","مُقيَّم")) | J21: =IF(C21="","",IF(I21="لم يُقيَّم","يحتاج تقييم عاجل",IF(H21<'الإعدادات والمستهدفات'!B5,"احتياج مرتفع جداً",IF(H21<'الإعدادات والمستهدفات'!B6,"احتياج متوسط","احتياج منخفض")))) | K21: =IF(C21="","",IF(OR(J21="يحتاج تقييم عاجل",J21="احتياج مرتفع جداً"),"أولوية قصوى (1)",IF(J21="احتياج متوسط","أولوية متوسطة (2)","أولوية عادية (3)"))) | L21: =IF(C21="","",COUNTIF('[1]الخطة التدريبية المعتمدة'!E:E,E21)+COUNTIF('[1]الخطة التدريبية المعتمدة'!E:E,"جميع العاملين بالمنشأة")) | M21: =IF(C21="","",COUNTIFS('[2]سجل الحضور والتنفيذ'!E:E,B21,'[2]سجل الحضور والتنفيذ'!H:H,"حاضر")) | N21: =IF(OR(C21="",L21=0),"",M21/L21) | O21: =IF(C21="","",SUMPRODUCT(('[2]سجل الحضور والتنفيذ'!E:E=B21)*('[2]سجل الحضور والتنفيذ'!H:H="حاضر")*('[2]سجل الحضور والتنفيذ'!G:G))) | P21: =IF(C21="","",IF(G21<>"موظف جديد " & 'الإعدادات والمستهدفات'!B4,"—",IF(COUNTIFS('[2]سجل الحضور والتنفيذ'!E:E,B21,'[2]سجل الحضور والتنفيذ'!A:A,"PSY-OR-01",'[2]سجل الحضور والتنفيذ'!H:H,"حاضر")>0,"مستوفى",IF(AND(F21<>"",TODAY()>F21+'الإعدادات والمستهدفات'!B9),"متأخر عن المهلة","خلال المهلة"))))
A22: =IF(C22="","",ROW()-3) | G22: =IF(C22="","",IF(F22="","موظف قائم",IF(YEAR(F22)>='الإعدادات والمستهدفات'!B4,"موظف جديد " & 'الإعدادات والمستهدفات'!B4,"موظف قائم"))) | I22: =IF(C22="","",IF(OR(H22="",H22=0),"لم يُقيَّم","مُقيَّم")) | J22: =IF(C22="","",IF(I22="لم يُقيَّم","يحتاج تقييم عاجل",IF(H22<'الإعدادات والمستهدفات'!B5,"احتياج مرتفع جداً",IF(H22<'الإعدادات والمستهدفات'!B6,"احتياج متوسط","احتياج منخفض")))) | K22: =IF(C22="","",IF(OR(J22="يحتاج تقييم عاجل",J22="احتياج مرتفع جداً"),"أولوية قصوى (1)",IF(J22="احتياج متوسط","أولوية متوسطة (2)","أولوية عادية (3)"))) | L22: =IF(C22="","",COUNTIF('[1]الخطة التدريبية المعتمدة'!E:E,E22)+COUNTIF('[1]الخطة التدريبية المعتمدة'!E:E,"جميع العاملين بالمنشأة")) | M22: =IF(C22="","",COUNTIFS('[2]سجل الحضور والتنفيذ'!E:E,B22,'[2]سجل الحضور والتنفيذ'!H:H,"حاضر")) | N22: =IF(OR(C22="",L22=0),"",M22/L22) | O22: =IF(C22="","",SUMPRODUCT(('[2]سجل الحضور والتنفيذ'!E:E=B22)*('[2]سجل الحضور والتنفيذ'!H:H="حاضر")*('[2]سجل الحضور والتنفيذ'!G:G))) | P22: =IF(C22="","",IF(G22<>"موظف جديد " & 'الإعدادات والمستهدفات'!B4,"—",IF(COUNTIFS('[2]سجل الحضور والتنفيذ'!E:E,B22,'[2]سجل الحضور والتنفيذ'!A:A,"PSY-OR-01",'[2]سجل الحضور والتنفيذ'!H:H,"حاضر")>0,"مستوفى",IF(AND(F22<>"",TODAY()>F22+'الإعدادات والمستهدفات'!B9),"متأخر عن المهلة","خلال المهلة"))))
A23: =IF(C23="","",ROW()-3) | G23: =IF(C23="","",IF(F23="","موظف قائم",IF(YEAR(F23)>='الإعدادات والمستهدفات'!B4,"موظف جديد " & 'الإعدادات والمستهدفات'!B4,"موظف قائم"))) | I23: =IF(C23="","",IF(OR(H23="",H23=0),"لم يُقيَّم","مُقيَّم")) | J23: =IF(C23="","",IF(I23="لم يُقيَّم","يحتاج تقييم عاجل",IF(H23<'الإعدادات والمستهدفات'!B5,"احتياج مرتفع جداً",IF(H23<'الإعدادات والمستهدفات'!B6,"احتياج متوسط","احتياج منخفض")))) | K23: =IF(C23="","",IF(OR(J23="يحتاج تقييم عاجل",J23="احتياج مرتفع جداً"),"أولوية قصوى (1)",IF(J23="احتياج متوسط","أولوية متوسطة (2)","أولوية عادية (3)"))) | L23: =IF(C23="","",COUNTIF('[1]الخطة التدريبية المعتمدة'!E:E,E23)+COUNTIF('[1]الخطة التدريبية المعتمدة'!E:E,"جميع العاملين بالمنشأة")) | M23: =IF(C23="","",COUNTIFS('[2]سجل الحضور والتنفيذ'!E:E,B23,'[2]سجل الحضور والتنفيذ'!H:H,"حاضر")) | N23: =IF(OR(C23="",L23=0),"",M23/L23) | O23: =IF(C23="","",SUMPRODUCT(('[2]سجل الحضور والتنفيذ'!E:E=B23)*('[2]سجل الحضور والتنفيذ'!H:H="حاضر")*('[2]سجل الحضور والتنفيذ'!G:G))) | P23: =IF(C23="","",IF(G23<>"موظف جديد " & 'الإعدادات والمستهدفات'!B4,"—",IF(COUNTIFS('[2]سجل الحضور والتنفيذ'!E:E,B23,'[2]سجل الحضور والتنفيذ'!A:A,"PSY-OR-01",'[2]سجل الحضور والتنفيذ'!H:H,"حاضر")>0,"مستوفى",IF(AND(F23<>"",TODAY()>F23+'الإعدادات والمستهدفات'!B9),"متأخر عن المهلة","خلال المهلة"))))
